{"type": "FeatureCollection", "features": [{"type": "Feature", "id": 1, "geometry": {"type": "Point", "coordinates": [-8.420715580035857, 43.34829082589817]}, "properties": {"OBJECTID": 1, "NOMEBOMBEIROS": "A Coruña", "category": "bombeiros", "source_layer": "Bombeiros"}}, {"type": "Feature", "id": 2, "geometry": {"type": "Point", "coordinates": [-8.507162654020798, 43.311300112423936]}, "properties": {"OBJECTID": 2, "NOMEBOMBEIROS": "Arteixo", "category": "bombeiros", "source_layer": "Bombeiros"}}, {"type": "Feature", "id": 3, "geometry": {"type": "Point", "coordinates": [-8.162094815828, 42.93264752117705]}, "properties": {"OBJECTID": 3, "NOMEBOMBEIROS": "Arzúa-Terras de Melide", "category": "bombeiros", "source_layer": "Bombeiros"}}, {"type": "Feature", "id": 4, "geometry": {"type": "Point", "coordinates": [-8.230998601950128, 43.27000352548794]}, "properties": {"OBJECTID": 4, "NOMEBOMBEIROS": "Betanzos", "category": "bombeiros", "source_layer": "Bombeiros"}}, {"type": "Feature", "id": 5, "geometry": {"type": "Point", "coordinates": [-8.880302511495328, 42.659788875758025]}, "properties": {"OBJECTID": 5, "NOMEBOMBEIROS": "Barbanza-Boiro", "category": "bombeiros", "source_layer": "Bombeiros"}}, {"type": "Feature", "id": 6, "geometry": {"type": "Point", "coordinates": [-8.686975503176528, 43.23660965318142]}, "properties": {"OBJECTID": 6, "NOMEBOMBEIROS": "Bergantiños", "category": "bombeiros", "source_layer": "Bombeiros"}}, {"type": "Feature", "id": 7, "geometry": {"type": "Point", "coordinates": [-9.189768282748018, 42.98685016598282]}, "properties": {"OBJECTID": 7, "NOMEBOMBEIROS": "Costa da Morte-Cee", "category": "bombeiros", "source_layer": "Bombeiros"}}, {"type": "Feature", "id": 8, "geometry": {"type": "Point", "coordinates": [-7.853695846256257, 43.42183798773577]}, "properties": {"OBJECTID": 8, "NOMEBOMBEIROS": "Eume", "category": "bombeiros", "source_layer": "Bombeiros"}}, {"type": "Feature", "id": 9, "geometry": {"type": "Point", "coordinates": [-8.205000209047446, 43.48900287402435]}, "properties": {"OBJECTID": 9, "NOMEBOMBEIROS": "Ferrol", "category": "bombeiros", "source_layer": "Bombeiros"}}, {"type": "Feature", "id": 10, "geometry": {"type": "Point", "coordinates": [-8.398190184200386, 43.091171036315394]}, "properties": {"OBJECTID": 10, "NOMEBOMBEIROS": "Ordes", "category": "bombeiros", "source_layer": "Bombeiros"}}, {"type": "Feature", "id": 11, "geometry": {"type": "Point", "coordinates": [-8.999536992164815, 42.571811714433125]}, "properties": {"OBJECTID": 11, "NOMEBOMBEIROS": "Barbanza-Ribeira", "category": "bombeiros", "source_layer": "Bombeiros"}}, {"type": "Feature", "id": 12, "geometry": {"type": "Point", "coordinates": [-8.534005539169643, 42.88700203899883]}, "properties": {"OBJECTID": 12, "NOMEBOMBEIROS": "Santiago", "category": "bombeiros", "source_layer": "Bombeiros"}}, {"type": "Feature", "id": 13, "geometry": {"type": "Point", "coordinates": [-8.80593428587122, 43.0310938882626]}, "properties": {"OBJECTID": 13, "NOMEBOMBEIROS": "Xallas-A Barcala", "category": "bombeiros", "source_layer": "Bombeiros"}}, {"type": "Feature", "id": 14, "geometry": {"type": "Point", "coordinates": [-8.195412130610308, 43.533038550800526]}, "properties": {"OBJECTID": 14, "NOMEBOMBEIROS": "SPEIS Narón", "category": "bombeiros", "source_layer": "Bombeiros"}}, {"type": "Feature", "id": 15, "geometry": {"type": "Point", "coordinates": [-7.251038830137052, 43.53930157179997]}, "properties": {"OBJECTID": 15, "NOMEBOMBEIROS": "Barreiros", "category": "bombeiros", "source_layer": "Bombeiros"}}, {"type": "Feature", "id": 16, "geometry": {"type": "Point", "coordinates": [-7.775911161092903, 42.588714488336024]}, "properties": {"OBJECTID": 16, "NOMEBOMBEIROS": "Chantada", "category": "bombeiros", "source_layer": "Bombeiros"}}, {"type": "Feature", "id": 17, "geometry": {"type": "Point", "coordinates": [-7.57000479926633, 43.03300383570828]}, "properties": {"OBJECTID": 17, "NOMEBOMBEIROS": "Lugo", "category": "bombeiros", "source_layer": "Bombeiros"}}, {"type": "Feature", "id": 18, "geometry": {"type": "Point", "coordinates": [-7.523987927391477, 42.540024603777944]}, "properties": {"OBJECTID": 18, "NOMEBOMBEIROS": "Monforte de Lemos", "category": "bombeiros", "source_layer": "Bombeiros"}}, {"type": "Feature", "id": 19, "geometry": {"type": "Point", "coordinates": [-7.419781237846258, 42.776105663367176]}, "properties": {"OBJECTID": 19, "NOMEBOMBEIROS": "Sarria", "category": "bombeiros", "source_layer": "Bombeiros"}}, {"type": "Feature", "id": 20, "geometry": {"type": "Point", "coordinates": [-7.660664465264969, 43.308436825905694]}, "properties": {"OBJECTID": 20, "NOMEBOMBEIROS": "Vilalba", "category": "bombeiros", "source_layer": "Bombeiros"}}, {"type": "Feature", "id": 21, "geometry": {"type": "Point", "coordinates": [-7.592285598705082, 43.67661527047744]}, "properties": {"OBJECTID": 21, "NOMEBOMBEIROS": "Viveiro", "category": "bombeiros", "source_layer": "Bombeiros"}}, {"type": "Feature", "id": 22, "geometry": {"type": "Point", "coordinates": [-7.464911691468614, 41.92966920589533]}, "properties": {"OBJECTID": 22, "NOMEBOMBEIROS": "Verín", "category": "bombeiros", "source_layer": "Bombeiros"}}, {"type": "Feature", "id": 23, "geometry": {"type": "Point", "coordinates": [-7.136260337269127, 42.38889498024241]}, "properties": {"OBJECTID": 23, "NOMEBOMBEIROS": "Valdeorras", "category": "bombeiros", "source_layer": "Bombeiros"}}, {"type": "Feature", "id": 24, "geometry": {"type": "Point", "coordinates": [-7.734491791544189, 42.078073814891226]}, "properties": {"OBJECTID": 24, "NOMEBOMBEIROS": "A Limia", "category": "bombeiros", "source_layer": "Bombeiros"}}, {"type": "Feature", "id": 26, "geometry": {"type": "Point", "coordinates": [-7.820445319842853, 42.289157902910745]}, "properties": {"OBJECTID": 26, "NOMEBOMBEIROS": "Pol San Cibrao", "category": "bombeiros", "source_layer": "Bombeiros"}}, {"type": "Feature", "id": 27, "geometry": {"type": "Point", "coordinates": [-7.87850438393764, 42.348283726281295]}, "properties": {"OBJECTID": 27, "NOMEBOMBEIROS": "Municipal Ourense", "category": "bombeiros", "source_layer": "Bombeiros"}}, {"type": "Feature", "id": 28, "geometry": {"type": "Point", "coordinates": [-8.054617131690236, 42.43917552598127]}, "properties": {"OBJECTID": 28, "NOMEBOMBEIROS": "O Carballiño", "category": "bombeiros", "source_layer": "Bombeiros"}}, {"type": "Feature", "id": 29, "geometry": {"type": "Point", "coordinates": [-8.224996271937291, 42.69399940848802]}, "properties": {"OBJECTID": 29, "NOMEBOMBEIROS": "Deza e Tabeirós-Terra de Montes", "category": "bombeiros", "source_layer": "Bombeiros"}}, {"type": "Feature", "id": 30, "geometry": {"type": "Point", "coordinates": [-8.790983339739663, 42.30631419396284]}, "properties": {"OBJECTID": 30, "NOMEBOMBEIROS": "O Morrazo", "category": "bombeiros", "source_layer": "Bombeiros"}}, {"type": "Feature", "id": 31, "geometry": {"type": "Point", "coordinates": [-8.651994150613037, 42.43699689577651]}, "properties": {"OBJECTID": 31, "NOMEBOMBEIROS": "Pontevedra", "category": "bombeiros", "source_layer": "Bombeiros"}}, {"type": "Feature", "id": 32, "geometry": {"type": "Point", "coordinates": [-8.626197352197417, 42.11431305658074]}, "properties": {"OBJECTID": 32, "NOMEBOMBEIROS": "Baixo Miño-Condado-Louriña", "category": "bombeiros", "source_layer": "Bombeiros"}}, {"type": "Feature", "id": 33, "geometry": {"type": "Point", "coordinates": [-8.779999119074237, 42.5229962181882]}, "properties": {"OBJECTID": 33, "NOMEBOMBEIROS": "O Salnés-Ribadumia", "category": "bombeiros", "source_layer": "Bombeiros"}}, {"type": "Feature", "id": 34, "geometry": {"type": "Point", "coordinates": [-8.770998049478775, 42.593998176321264]}, "properties": {"OBJECTID": 34, "NOMEBOMBEIROS": "O Salnés-Vilagarcía", "category": "bombeiros", "source_layer": "Bombeiros"}}, {"type": "Feature", "id": 35, "geometry": {"type": "Point", "coordinates": [-8.686995472721174, 42.248996104778236]}, "properties": {"OBJECTID": 35, "NOMEBOMBEIROS": "Vigo - 1", "category": "bombeiros", "source_layer": "Bombeiros"}}, {"type": "Feature", "id": 36, "geometry": {"type": "Point", "coordinates": [-8.73923770302606, 42.22345885799076]}, "properties": {"OBJECTID": 36, "NOMEBOMBEIROS": "Vigo - 2", "category": "bombeiros", "source_layer": "Bombeiros"}}, {"type": "Feature", "id": 75, "geometry": {"type": "Point", "coordinates": [-8.675829783406918, 42.86151259808045]}, "properties": {"OBJECTID": 75, "NOMEGES": "Brión", "category": "ges", "source_layer": "GES"}}, {"type": "Feature", "id": 76, "geometry": {"type": "Point", "coordinates": [-8.141777383300454, 43.125228585619375]}, "properties": {"OBJECTID": 76, "NOMEGES": "Curtis", "category": "ges", "source_layer": "GES"}}, {"type": "Feature", "id": 77, "geometry": {"type": "Point", "coordinates": [-8.237962553095501, 43.45875896447171]}, "properties": {"OBJECTID": 77, "NOMEGES": "Mugardos", "category": "ges", "source_layer": "GES"}}, {"type": "Feature", "id": 78, "geometry": {"type": "Point", "coordinates": [-9.068017671135639, 42.78834006955148]}, "properties": {"OBJECTID": 78, "NOMEGES": "Muros", "category": "ges", "source_layer": "GES"}}, {"type": "Feature", "id": 79, "geometry": {"type": "Point", "coordinates": [-7.842064203004994, 43.669318750146324]}, "properties": {"OBJECTID": 79, "NOMEGES": "Ortigueira", "category": "ges", "source_layer": "GES"}}, {"type": "Feature", "id": 80, "geometry": {"type": "Point", "coordinates": [-8.657970175385637, 42.757855462319576]}, "properties": {"OBJECTID": 80, "NOMEGES": "Padrón", "category": "ges", "source_layer": "GES"}}, {"type": "Feature", "id": 81, "geometry": {"type": "Point", "coordinates": [-8.869787862322559, 43.254332728365284]}, "properties": {"OBJECTID": 81, "NOMEGES": "Ponteceso", "category": "ges", "source_layer": "GES"}}, {"type": "Feature", "id": 82, "geometry": {"type": "Point", "coordinates": [-7.1981500078779055, 43.346329998657374]}, "properties": {"OBJECTID": 82, "NOMEGES": "A Pontenova", "category": "ges", "source_layer": "GES"}}, {"type": "Feature", "id": 84, "geometry": {"type": "Point", "coordinates": [-7.816781946538139, 42.798061788660135]}, "properties": {"OBJECTID": 84, "NOMEGES": "Monterroso", "category": "ges", "source_layer": "GES"}}, {"type": "Feature", "id": 85, "geometry": {"type": "Point", "coordinates": [-8.252942029325474, 42.375264387127345]}, "properties": {"OBJECTID": 85, "NOMEGES": "Avión", "category": "ges", "source_layer": "GES"}}, {"type": "Feature", "id": 86, "geometry": {"type": "Point", "coordinates": [-8.113974174294563, 42.30610369731133]}, "properties": {"OBJECTID": 86, "NOMEGES": "Ribadavia", "category": "ges", "source_layer": "GES"}}, {"type": "Feature", "id": 87, "geometry": {"type": "Point", "coordinates": [-7.786861495323183, 42.33917355824491]}, "properties": {"OBJECTID": 87, "NOMEGES": "O Pereiro de Aguiar", "category": "ges", "source_layer": "GES"}}, {"type": "Feature", "id": 88, "geometry": {"type": "Point", "coordinates": [-7.414948740515755, 42.37147825808093]}, "properties": {"OBJECTID": 88, "NOMEGES": "Castro Caldelas", "category": "ges", "source_layer": "GES"}}, {"type": "Feature", "id": 89, "geometry": {"type": "Point", "coordinates": [-6.977448590091135, 42.424005818900305]}, "properties": {"OBJECTID": 89, "NOMEGES": "O Barco de Valdeorras", "category": "ges", "source_layer": "GES"}}, {"type": "Feature", "id": 90, "geometry": {"type": "Point", "coordinates": [-8.08108776637328, 41.90155344738692]}, "properties": {"OBJECTID": 90, "NOMEGES": "Lobios", "category": "ges", "source_layer": "GES"}}, {"type": "Feature", "id": 91, "geometry": {"type": "Point", "coordinates": [-7.969313209562297, 41.95813013995311]}, "properties": {"OBJECTID": 91, "NOMEGES": "Muíños", "category": "ges", "source_layer": "GES"}}, {"type": "Feature", "id": 92, "geometry": {"type": "Point", "coordinates": [-7.1256157511838865, 42.05927945225486]}, "properties": {"OBJECTID": 92, "NOMEGES": "A Gudiña", "category": "ges", "source_layer": "GES"}}, {"type": "Feature", "id": 93, "geometry": {"type": "Point", "coordinates": [-7.459892678786065, 42.061038405449445]}, "properties": {"OBJECTID": 93, "NOMEGES": "Laza", "category": "ges", "source_layer": "GES"}}, {"type": "Feature", "id": 94, "geometry": {"type": "Point", "coordinates": [-8.861935297088475, 41.90042646274047]}, "properties": {"OBJECTID": 94, "NOMEGES": "A Guarda", "category": "ges", "source_layer": "GES"}}, {"type": "Feature", "id": 95, "geometry": {"type": "Point", "coordinates": [-8.512081922307843, 42.71466071507378]}, "properties": {"OBJECTID": 95, "NOMEGES": "A Estrada", "category": "ges", "source_layer": "GES"}}, {"type": "Feature", "id": 96, "geometry": {"type": "Point", "coordinates": [-8.117329523306116, 42.658812794882266]}, "properties": {"OBJECTID": 96, "NOMEGES": "Lalín", "category": "ges", "source_layer": "GES"}}, {"type": "Feature", "id": 97, "geometry": {"type": "Point", "coordinates": [-8.801986859896306, 42.136060349424795]}, "properties": {"OBJECTID": 97, "NOMEGES": "Mancomunidade Val Miñor", "category": "ges", "source_layer": "GES"}}, {"type": "Feature", "id": 98, "geometry": {"type": "Point", "coordinates": [-8.828121476549898, 42.40034559287718]}, "properties": {"OBJECTID": 98, "NOMEGES": "Sanxenxo", "category": "ges", "source_layer": "GES"}}, {"type": "Feature", "id": 99, "geometry": {"type": "Point", "coordinates": [-8.500998390020497, 42.1700008761986]}, "properties": {"OBJECTID": 99, "NOMEGES": "Ponteareas", "category": "ges", "source_layer": "GES"}}, {"type": "Feature", "id": 100, "geometry": {"type": "Point", "coordinates": [-7.195894992727803, 42.58941455876139]}, "properties": {"OBJECTID": 100, "NOMEGES": "Folgoso do Courel", "category": "ges", "source_layer": "GES"}}, {"type": "Feature", "id": 101, "geometry": {"type": "Point", "coordinates": [-8.625840712517986, 42.18453056562075]}, "properties": {"OBJECTID": 101, "NOMEGES": "Mos", "category": "ges", "source_layer": "GES"}}, {"type": "Feature", "id": 102, "geometry": {"type": "Point", "coordinates": [-7.653474588061817, 42.27121253856264]}, "properties": {"OBJECTID": 102, "NOMEGES": "Maceda", "category": "ges", "source_layer": "GES"}}, {"type": "Feature", "id": 103, "geometry": {"type": "Point", "coordinates": [-7.02785229794004, 42.25205355075466]}, "properties": {"OBJECTID": 103, "NOMEGES": "A Veiga", "category": "ges", "source_layer": "GES"}}, {"type": "Feature", "id": 104, "geometry": {"type": "Point", "coordinates": [-7.955954802823568, 42.14673649400697]}, "properties": {"OBJECTID": 104, "NOMEGES": "Terras de Celanova", "category": "ges", "source_layer": "GES"}}, {"type": "Feature", "id": 105, "geometry": {"type": "Point", "coordinates": [-7.779679818391034, 43.031562171197905]}, "properties": {"OBJECTID": 105, "NOMEGES": "Friol", "category": "ges", "source_layer": "GES"}}, {"type": "Feature", "id": 106, "geometry": {"type": "Point", "coordinates": [-8.875825764977632, 42.80001799573119]}, "properties": {"OBJECTID": 106, "NOMEGES": "Noia", "category": "ges", "source_layer": "GES"}}, {"type": "Feature", "id": 107, "geometry": {"type": "Point", "coordinates": [-7.280993251209984, 42.47386737998494]}, "properties": {"OBJECTID": 107, "NOMEGES": "Quiroga", "category": "ges", "source_layer": "GES"}}, {"type": "Feature", "id": 1, "geometry": {"type": "Point", "coordinates": [-8.40321997876216, 43.366135504193224]}, "properties": {"OBJECTID_1": 1, "DEPENDENCI": "Jefatura Superior de Polícía de Galicia", "DIRECCION": "Av. Do Porto da Coruña 5-7", "MUNICIPIO": "A Coruña", "category": "policia_nacional", "source_layer": "Policía nacional"}}, {"type": "Feature", "id": 2, "geometry": {"type": "Point", "coordinates": [-8.415471779440475, 43.346460219475624]}, "properties": {"OBJECTID_1": 2, "DEPENDENCI": "Comisaría Provincial de A Coruña", "DIRECCION": "C/ Médico Devesa Nuñez, 4", "MUNICIPIO": "A Coruña", "category": "policia_nacional", "source_layer": "Policía nacional"}}, {"type": "Feature", "id": 3, "geometry": {"type": "Point", "coordinates": [-8.403250067317268, 43.36619736711899]}, "properties": {"OBJECTID_1": 3, "DEPENDENCI": "Comisaría de Distrito A Coruña - Norte", "DIRECCION": "Av. Do Porto da Coruña 5-7", "MUNICIPIO": "A Coruña", "category": "policia_nacional", "source_layer": "Policía nacional"}}, {"type": "Feature", "id": 4, "geometry": {"type": "Point", "coordinates": [-8.415506242530178, 43.34656964378677]}, "properties": {"OBJECTID_1": 4, "DEPENDENCI": "Comisaría de Distrito A Coruña - Sur", "DIRECCION": "C/ Médico Devesa Nuñez, 4", "MUNICIPIO": "A Coruña", "category": "policia_nacional", "source_layer": "Policía nacional"}}, {"type": "Feature", "id": 5, "geometry": {"type": "Point", "coordinates": [-8.224932124243184, 43.48473415795136]}, "properties": {"OBJECTID_1": 5, "DEPENDENCI": "Comisaría Local de Ferrol-Narón", "DIRECCION": "Avda. de Vigo, 165", "MUNICIPIO": "Ferrol", "category": "policia_nacional", "source_layer": "Policía nacional"}}, {"type": "Feature", "id": 6, "geometry": {"type": "Point", "coordinates": [-8.995410101079411, 42.55577209840239]}, "properties": {"OBJECTID_1": 6, "DEPENDENCI": "Comisaría Local de Santa Uxía de Ribeira", "DIRECCION": "Avda. Miguel Rodríguez Bautista, 24", "MUNICIPIO": "Ribeira", "category": "policia_nacional", "source_layer": "Policía nacional"}}, {"type": "Feature", "id": 7, "geometry": {"type": "Point", "coordinates": [-8.546366275597942, 42.878465664928065]}, "properties": {"OBJECTID_1": 7, "DEPENDENCI": "Comisaría Local de Santiago de Compostela", "DIRECCION": "C/ Rodrígo de Padrón, s/n", "MUNICIPIO": "Santiago de Compostela", "category": "policia_nacional", "source_layer": "Policía nacional"}}, {"type": "Feature", "id": 8, "geometry": {"type": "Point", "coordinates": [-7.563506789662018, 43.011377724079225]}, "properties": {"OBJECTID_1": 8, "DEPENDENCI": "Comisaría Provincial de Lugo", "DIRECCION": "C/ Chantada, s/n", "MUNICIPIO": "Lugo", "category": "policia_nacional", "source_layer": "Policía nacional"}}, {"type": "Feature", "id": 9, "geometry": {"type": "Point", "coordinates": [-7.510302965886091, 42.51805243814649]}, "properties": {"OBJECTID_1": 9, "DEPENDENCI": "Comisaría Local de Monforte de Lemos", "DIRECCION": "C/ Miguel de Cervantes, 1", "MUNICIPIO": "Monforte de Lemos", "category": "policia_nacional", "source_layer": "Policía nacional"}}, {"type": "Feature", "id": 10, "geometry": {"type": "Point", "coordinates": [-7.594229037071256, 43.66481210593398]}, "properties": {"OBJECTID_1": 10, "DEPENDENCI": "Comisaría Local de Viveiro", "DIRECCION": "Avda. Ramón Canosa, s/n", "MUNICIPIO": "Viveiro", "category": "policia_nacional", "source_layer": "Policía nacional"}}, {"type": "Feature", "id": 11, "geometry": {"type": "Point", "coordinates": [-7.860504103083038, 42.34462835216606]}, "properties": {"OBJECTID_1": 11, "DEPENDENCI": "Comisaría Provincial de Ourense", "DIRECCION": "C/ Mestre Vide, 4", "MUNICIPIO": "Ourense", "category": "policia_nacional", "source_layer": "Policía nacional"}}, {"type": "Feature", "id": 12, "geometry": {"type": "Point", "coordinates": [-8.640245600779402, 42.42867650843236]}, "properties": {"OBJECTID_1": 12, "DEPENDENCI": "Comisaría Pronvicial de Pontevedra", "DIRECCION": "C/ Joaquín Costa, 17", "MUNICIPIO": "Pontevedra", "category": "policia_nacional", "source_layer": "Policía nacional"}}, {"type": "Feature", "id": 13, "geometry": {"type": "Point", "coordinates": [-8.723800769978062, 42.24003625690903]}, "properties": {"OBJECTID_1": 13, "DEPENDENCI": "Comisaría de Distrito Vigo Centro", "DIRECCION": "C/ Luis Taboada, 3", "MUNICIPIO": "Vigo", "category": "policia_nacional", "source_layer": "Policía nacional"}}, {"type": "Feature", "id": 14, "geometry": {"type": "Point", "coordinates": [-8.731090488974527, 42.22444883133007]}, "properties": {"OBJECTID_1": 14, "DEPENDENCI": "Comisaría de Distrito Vigo Traviesas", "DIRECCION": "C/ Álvaro Cunqueiro, 6", "MUNICIPIO": "Vigo", "category": "policia_nacional", "source_layer": "Policía nacional"}}, {"type": "Feature", "id": 15, "geometry": {"type": "Point", "coordinates": [-8.11668598685716, 42.660601089077915]}, "properties": {"OBJECTID_1": 15, "DEPENDENCI": "Lalín", "DIRECCION": "Plaza de Galicia, 1", "MUNICIPIO": "Lalín", "category": "policia_nacional", "source_layer": "Policía nacional"}}, {"type": "Feature", "id": 16, "geometry": {"type": "Point", "coordinates": [-8.704616658439296, 42.39341879947555]}, "properties": {"OBJECTID_1": 16, "DEPENDENCI": "Comisaría Local de Marín", "DIRECCION": "C/ Lameira, 27, bajo", "MUNICIPIO": "Marín", "category": "policia_nacional", "source_layer": "Policía nacional"}}, {"type": "Feature", "id": 17, "geometry": {"type": "Point", "coordinates": [-8.767794882109708, 42.59597429363056]}, "properties": {"OBJECTID_1": 17, "DEPENDENCI": "Comisaría Local de Vilagarcía de Arousa", "DIRECCION": "Avda. de la Marina, 9", "MUNICIPIO": "Vilagarcía de Arousa", "category": "policia_nacional", "source_layer": "Policía nacional"}}, {"type": "Feature", "id": 1, "geometry": {"type": "Point", "coordinates": [-8.414253898095781, 43.346442956304756]}, "properties": {"OBJECTID": 1, "UNIDADES": "C.O.S. / CMDA. CORUÑA, A / COMPAÑÍA DE A CORUÑA / GRUPO INFORMACIÓN COMANDANCIA A CORUÑA  / S. M. P. A CORUNA /  U.H.E.L.- 71 OFICINAS EN LA ZONA /  ZONA GALICIA / PATRULLA SEPRONA A CORUÑA", "category": "garda_civil", "source_layer": "Garda Civil"}}, {"type": "Feature", "id": 2, "geometry": {"type": "Point", "coordinates": [-8.68704936547556, 43.216627450409305]}, "properties": {"OBJECTID": 2, "UNIDADES": "COMPAÑÍA DE CARBALLO / POSTO P. DE CARBALLO", "category": "garda_civil", "source_layer": "Garda Civil"}}, {"type": "Feature", "id": 3, "geometry": {"type": "Point", "coordinates": [-8.23263862636367, 43.49041008908815]}, "properties": {"OBJECTID": 3, "UNIDADES": "COMPAÑÍA DE FERROL / DESTO. FERROL", "category": "garda_civil", "source_layer": "Garda Civil"}}, {"type": "Feature", "id": 4, "geometry": {"type": "Point", "coordinates": [-8.873982274618028, 42.79448252005047]}, "properties": {"OBJECTID": 4, "UNIDADES": "COMPAÑÍA DE NOIA / POSTO DE NOIA / PATRULLA SEPRONA NOIA", "category": "garda_civil", "source_layer": "Garda Civil"}}, {"type": "Feature", "id": 5, "geometry": {"type": "Point", "coordinates": [-8.524107710483191, 42.89081676668328]}, "properties": {"OBJECTID": 5, "UNIDADES": "COMPAÑÍA DE SANTIAGO DE COMPOSTELA / DESTO. COMPOSTELA / POSTO DE SANTIAGO DE COMPOSTELA /PATRULLA SEPRONA SANTIAGO DE COMPOSTELA", "category": "garda_civil", "source_layer": "Garda Civil"}}, {"type": "Feature", "id": 6, "geometry": {"type": "Point", "coordinates": [-9.19470647645923, 42.94833586872747]}, "properties": {"OBJECTID": 6, "UNIDADES": "DESTO. CORCUBION / POSTO DE CORCUBION / PATRULLA SEPRONA CORCUBIÓN", "category": "garda_civil", "source_layer": "Garda Civil"}}, {"type": "Feature", "id": 7, "geometry": {"type": "Point", "coordinates": [-7.857604699242363, 43.68627836928134]}, "properties": {"OBJECTID": 7, "UNIDADES": "PATRULLA SEPRONA ORTIGUEIRA / POSTO DE ORTIGUEIRA", "category": "garda_civil", "source_layer": "Garda Civil"}}, {"type": "Feature", "id": 8, "geometry": {"type": "Point", "coordinates": [-7.87358656722333, 43.73830225536417]}, "properties": {"OBJECTID": 8, "UNIDADES": "POSTO AUXILIAR DE CARIÑO", "category": "garda_civil", "source_layer": "Garda Civil"}}, {"type": "Feature", "id": 9, "geometry": {"type": "Point", "coordinates": [-8.939406370507095, 42.60340913281215]}, "properties": {"OBJECTID": 9, "UNIDADES": "POSTO AUXILIAR DE POBRA DO CARAMIÑAL", "category": "garda_civil", "source_layer": "Garda Civil"}}, {"type": "Feature", "id": 10, "geometry": {"type": "Point", "coordinates": [-8.307830628454578, 42.86784059263499]}, "properties": {"OBJECTID": 10, "UNIDADES": "POSTO AUXILIAR DE TOURO", "category": "garda_civil", "source_layer": "Garda Civil"}}, {"type": "Feature", "id": 11, "geometry": {"type": "Point", "coordinates": [-8.287269702849233, 43.22658644831296]}, "properties": {"OBJECTID": 11, "UNIDADES": "POSTO DE ABEGONDO", "category": "garda_civil", "source_layer": "Garda Civil"}}, {"type": "Feature", "id": 12, "geometry": {"type": "Point", "coordinates": [-8.36392818808233, 42.904046037943104]}, "properties": {"OBJECTID": 12, "UNIDADES": "POSTO DE ARCA", "category": "garda_civil", "source_layer": "Garda Civil"}}, {"type": "Feature", "id": 13, "geometry": {"type": "Point", "coordinates": [-8.15711487446706, 42.929386064412256]}, "properties": {"OBJECTID": 13, "UNIDADES": "POSTO DE ARZUA", "category": "garda_civil", "source_layer": "Garda Civil"}}, {"type": "Feature", "id": 14, "geometry": {"type": "Point", "coordinates": [-7.846216946289145, 43.45238232511857]}, "properties": {"OBJECTID": 14, "UNIDADES": "POSTO DE AS PONTES", "category": "garda_civil", "source_layer": "Garda Civil"}}, {"type": "Feature", "id": 15, "geometry": {"type": "Point", "coordinates": [-8.212446057456, 43.279388958627884]}, "properties": {"OBJECTID": 15, "UNIDADES": "POSTO DE BETANZOS", "category": "garda_civil", "source_layer": "Garda Civil"}}, {"type": "Feature", "id": 16, "geometry": {"type": "Point", "coordinates": [-8.133105581632462, 43.001955517621035]}, "properties": {"OBJECTID": 16, "UNIDADES": "POSTO DE BOIMORTO", "category": "garda_civil", "source_layer": "Garda Civil"}}, {"type": "Feature", "id": 17, "geometry": {"type": "Point", "coordinates": [-8.678655465892353, 42.86378686440997]}, "properties": {"OBJECTID": 17, "UNIDADES": "POSTO DE BRION", "category": "garda_civil", "source_layer": "Garda Civil"}}, {"type": "Feature", "id": 18, "geometry": {"type": "Point", "coordinates": [-9.180977306904529, 43.13013617899397]}, "properties": {"OBJECTID": 18, "UNIDADES": "POSTO DE CAMARIÑAS", "category": "garda_civil", "source_layer": "Garda Civil"}}, {"type": "Feature", "id": 19, "geometry": {"type": "Point", "coordinates": [-8.360064088033297, 43.22975175581037]}, "properties": {"OBJECTID": 19, "UNIDADES": "POSTO DE CARRAL", "category": "garda_civil", "source_layer": "Garda Civil"}}, {"type": "Feature", "id": 20, "geometry": {"type": "Point", "coordinates": [-8.047989052634678, 43.65731934378792]}, "properties": {"OBJECTID": 20, "UNIDADES": "POSTO DE CEDEIRA", "category": "garda_civil", "source_layer": "Garda Civil"}}, {"type": "Feature", "id": 21, "geometry": {"type": "Point", "coordinates": [-8.379402245707315, 43.321045303120755]}, "properties": {"OBJECTID": 21, "UNIDADES": "POSTO DE CULLEREDO / POSTO P. DE CULLEREDO", "category": "garda_civil", "source_layer": "Garda Civil"}}, {"type": "Feature", "id": 22, "geometry": {"type": "Point", "coordinates": [-8.145033099756429, 43.12195768340734]}, "properties": {"OBJECTID": 22, "UNIDADES": "POSTO DE CURTIS", "category": "garda_civil", "source_layer": "Garda Civil"}}, {"type": "Feature", "id": 23, "geometry": {"type": "Point", "coordinates": [-8.161654861578715, 43.467830612942386]}, "properties": {"OBJECTID": 23, "UNIDADES": "POSTO DE FENE", "category": "garda_civil", "source_layer": "Garda Civil"}}, {"type": "Feature", "id": 24, "geometry": {"type": "Point", "coordinates": [-8.247030696705046, 43.47864751753454]}, "properties": {"OBJECTID": 24, "UNIDADES": "POSTO DE FERROL (FISCAL)", "category": "garda_civil", "source_layer": "Garda Civil"}}, {"type": "Feature", "id": 25, "geometry": {"type": "Point", "coordinates": [-8.059706130886086, 43.28553052611915]}, "properties": {"OBJECTID": 25, "UNIDADES": "POSTO DE IRIXOA", "category": "garda_civil", "source_layer": "Garda Civil"}}, {"type": "Feature", "id": 26, "geometry": {"type": "Point", "coordinates": [-8.591154198441151, 43.247792351120076]}, "properties": {"OBJECTID": 26, "UNIDADES": "POSTO DE LARACHA", "category": "garda_civil", "source_layer": "Garda Civil"}}, {"type": "Feature", "id": 27, "geometry": {"type": "Point", "coordinates": [-9.004726116362535, 43.218588046072796]}, "properties": {"OBJECTID": 27, "UNIDADES": "POSTO DE LAXE", "category": "garda_civil", "source_layer": "Garda Civil"}}, {"type": "Feature", "id": 28, "geometry": {"type": "Point", "coordinates": [-8.811138278876367, 43.32280785428168]}, "properties": {"OBJECTID": 28, "UNIDADES": "POSTO DE MALPICA", "category": "garda_civil", "source_layer": "Garda Civil"}}, {"type": "Feature", "id": 29, "geometry": {"type": "Point", "coordinates": [-8.01517235847962, 42.92018222348835]}, "properties": {"OBJECTID": 29, "UNIDADES": "POSTO DE MELIDE", "category": "garda_civil", "source_layer": "Garda Civil"}}, {"type": "Feature", "id": 30, "geometry": {"type": "Point", "coordinates": [-8.205625883421602, 43.34473881381323]}, "properties": {"OBJECTID": 30, "UNIDADES": "POSTO DE MIÑO", "category": "garda_civil", "source_layer": "Garda Civil"}}, {"type": "Feature", "id": 31, "geometry": {"type": "Point", "coordinates": [-8.255301586477431, 43.45907955936383]}, "properties": {"OBJECTID": 31, "UNIDADES": "POSTO DE MUGARDOS", "category": "garda_civil", "source_layer": "Garda Civil"}}, {"type": "Feature", "id": 32, "geometry": {"type": "Point", "coordinates": [-9.068090473438806, 42.7886181011767]}, "properties": {"OBJECTID": 32, "UNIDADES": "POSTO DE MUROS", "category": "garda_civil", "source_layer": "Garda Civil"}}, {"type": "Feature", "id": 33, "geometry": {"type": "Point", "coordinates": [-9.218134949678412, 43.100964725926545]}, "properties": {"OBJECTID": 33, "UNIDADES": "POSTO DE MUXIA", "category": "garda_civil", "source_layer": "Garda Civil"}}, {"type": "Feature", "id": 34, "geometry": {"type": "Point", "coordinates": [-8.733749479438094, 42.91168350146783]}, "properties": {"OBJECTID": 34, "UNIDADES": "POSTO DE NEGREIRA", "category": "garda_civil", "source_layer": "Garda Civil"}}, {"type": "Feature", "id": 35, "geometry": {"type": "Point", "coordinates": [-8.405455994844285, 43.07629837010996]}, "properties": {"OBJECTID": 35, "UNIDADES": "POSTO DE ORDES", "category": "garda_civil", "source_layer": "Garda Civil"}}, {"type": "Feature", "id": 36, "geometry": {"type": "Point", "coordinates": [-8.907296972418868, 42.84175767751411]}, "properties": {"OBJECTID": 36, "UNIDADES": "POSTO DE OUTES", "category": "garda_civil", "source_layer": "Garda Civil"}}, {"type": "Feature", "id": 37, "geometry": {"type": "Point", "coordinates": [-8.657259833306009, 42.7433765507729]}, "properties": {"OBJECTID": 37, "UNIDADES": "POSTO DE PADRON", "category": "garda_civil", "source_layer": "Garda Civil"}}, {"type": "Feature", "id": 38, "geometry": {"type": "Point", "coordinates": [-8.901136360395974, 43.243967277450345]}, "properties": {"OBJECTID": 38, "UNIDADES": "POSTO DE PONTECESO", "category": "garda_civil", "source_layer": "Garda Civil"}}, {"type": "Feature", "id": 39, "geometry": {"type": "Point", "coordinates": [-8.164039621286587, 43.399645705320715]}, "properties": {"OBJECTID": 39, "UNIDADES": "POSTO DE PONTEDEUME / PATRULLA SEPRONA PONTEDEUME", "category": "garda_civil", "source_layer": "Garda Civil"}}, {"type": "Feature", "id": 40, "geometry": {"type": "Point", "coordinates": [-9.00647519517381, 42.72462403221926]}, "properties": {"OBJECTID": 40, "UNIDADES": "POSTO DE PORTO DO SON", "category": "garda_civil", "source_layer": "Garda Civil"}}, {"type": "Feature", "id": 41, "geometry": {"type": "Point", "coordinates": [-8.815816271338111, 42.653263944526344]}, "properties": {"OBJECTID": 41, "UNIDADES": "POSTO DE RIANXO", "category": "garda_civil", "source_layer": "Garda Civil"}}, {"type": "Feature", "id": 42, "geometry": {"type": "Point", "coordinates": [-8.257262444243523, 43.353430547740814]}, "properties": {"OBJECTID": 42, "UNIDADES": "POSTO DE SADA", "category": "garda_civil", "source_layer": "Garda Civil"}}, {"type": "Feature", "id": 43, "geometry": {"type": "Point", "coordinates": [-8.072859210717189, 43.53277424321308]}, "properties": {"OBJECTID": 43, "UNIDADES": "POSTO DE SAN SADURNIÑO", "category": "garda_civil", "source_layer": "Garda Civil"}}, {"type": "Feature", "id": 44, "geometry": {"type": "Point", "coordinates": [-8.798691429148452, 43.0310551497648]}, "properties": {"OBJECTID": 44, "UNIDADES": "POSTO DE SANTA COMBA", "category": "garda_civil", "source_layer": "Garda Civil"}}, {"type": "Feature", "id": 45, "geometry": {"type": "Point", "coordinates": [-8.453988555020032, 42.96013577855645]}, "properties": {"OBJECTID": 45, "UNIDADES": "POSTO DE SIGÜEIRO", "category": "garda_civil", "source_layer": "Garda Civil"}}, {"type": "Feature", "id": 46, "geometry": {"type": "Point", "coordinates": [-8.141365936358234, 43.611893793643524]}, "properties": {"OBJECTID": 46, "UNIDADES": "POSTO DE VALDOVIÑO", "category": "garda_civil", "source_layer": "Garda Civil"}}, {"type": "Feature", "id": 47, "geometry": {"type": "Point", "coordinates": [-8.494039923235528, 43.31612615556041]}, "properties": {"OBJECTID": 47, "UNIDADES": "POSTO P. DE ARTEIXO / PATRULLA SEPRONA ARTEIXO", "category": "garda_civil", "source_layer": "Garda Civil"}}, {"type": "Feature", "id": 48, "geometry": {"type": "Point", "coordinates": [-8.880913851387993, 42.651843401296674]}, "properties": {"OBJECTID": 48, "UNIDADES": "POSTO P. DE BOIRO", "category": "garda_civil", "source_layer": "Garda Civil"}}, {"type": "Feature", "id": 49, "geometry": {"type": "Point", "coordinates": [-8.356878605463754, 43.31854935008947]}, "properties": {"OBJECTID": 49, "UNIDADES": "POSTO P. DE CAMBRE", "category": "garda_civil", "source_layer": "Garda Civil"}}, {"type": "Feature", "id": 50, "geometry": {"type": "Point", "coordinates": [-8.57537367894674, 42.842977388084506]}, "properties": {"OBJECTID": 50, "UNIDADES": "POSTO P. DE MILLADOIRO-AMES", "category": "garda_civil", "source_layer": "Garda Civil"}}, {"type": "Feature", "id": 51, "geometry": {"type": "Point", "coordinates": [-8.325866645156507, 43.33271038160525]}, "properties": {"OBJECTID": 51, "UNIDADES": "POSTO P. DE OLEIROS", "category": "garda_civil", "source_layer": "Garda Civil"}}, {"type": "Feature", "id": 52, "geometry": {"type": "Point", "coordinates": [-8.404210936214113, 43.36288199506093]}, "properties": {"OBJECTID": 52, "UNIDADES": "SECCION FISCAL MUELLE DE GARAS", "category": "garda_civil", "source_layer": "Garda Civil"}}, {"type": "Feature", "id": 53, "geometry": {"type": "Point", "coordinates": [-8.36444541420726, 43.328789707392396]}, "properties": {"OBJECTID": 53, "UNIDADES": "SECTOR TRAF. CORUÑA /  SUBSECTOR TRAF. A CORUÑA / DESTO. A CORUÑA", "category": "garda_civil", "source_layer": "Garda Civil"}}, {"type": "Feature", "id": 54, "geometry": {"type": "Point", "coordinates": [-8.381559947962183, 43.30227929799174]}, "properties": {"OBJECTID": 54, "UNIDADES": "DESTACAMENTO SEGURIDAD AEROPUERTO DE ALVEDRO / U.H.E.L.- 71", "category": "garda_civil", "source_layer": "Garda Civil"}}, {"type": "Feature", "id": 55, "geometry": {"type": "Point", "coordinates": [-7.986503233850137, 43.158236430717274]}, "properties": {"OBJECTID": 55, "UNIDADES": "UNIDAD SEGURIDAD CENTRO PENITENCIARIO TEIXEIRO", "category": "garda_civil", "source_layer": "Garda Civil"}}, {"type": "Feature", "id": 56, "geometry": {"type": "Point", "coordinates": [-7.553861582695746, 43.006485127432434]}, "properties": {"OBJECTID": 56, "UNIDADES": "C.O.S. / CMDA. LUGO / COMPAÑIA DE LUGO / DESTO. LUGO/ POSTO DE LUGO / SUBSECTOR TRAF. LUGO", "category": "garda_civil", "source_layer": "Garda Civil"}}, {"type": "Feature", "id": 57, "geometry": {"type": "Point", "coordinates": [-7.366006253851368, 43.65786875333936]}, "properties": {"OBJECTID": 57, "UNIDADES": "COMPAÑIA DE BURELA / DESTO. BURELA / POSTO DE BURELA", "category": "garda_civil", "source_layer": "Garda Civil"}}, {"type": "Feature", "id": 58, "geometry": {"type": "Point", "coordinates": [-7.504187066120389, 42.53272123574255]}, "properties": {"OBJECTID": 58, "UNIDADES": "COMPAÑIA DE MONFORTE DE LEMOS / DESTO. MONFORTE DE LEMOS / POSTO DE MONFORTE DE LEMOS", "category": "garda_civil", "source_layer": "Garda Civil"}}, {"type": "Feature", "id": 59, "geometry": {"type": "Point", "coordinates": [-7.674064482905988, 43.294689200209476]}, "properties": {"OBJECTID": 59, "UNIDADES": "COMPAÑIA DE VILALBA / DESTO. VILLALBA / POSTO DE VILALBA", "category": "garda_civil", "source_layer": "Garda Civil"}}, {"type": "Feature", "id": 62, "geometry": {"type": "Point", "coordinates": [-7.360096029315518, 42.658618361534685]}, "properties": {"OBJECTID": 62, "UNIDADES": "POSTO AUXILIAR DE INCIO", "category": "garda_civil", "source_layer": "Garda Civil"}}, {"type": "Feature", "id": 64, "geometry": {"type": "Point", "coordinates": [-7.588596818092744, 42.460430527549]}, "properties": {"OBJECTID": 64, "UNIDADES": "POSTO AUXILIAR DE SOBER", "category": "garda_civil", "source_layer": "Garda Civil"}}, {"type": "Feature", "id": 65, "geometry": {"type": "Point", "coordinates": [-7.475965164088853, 43.36477410931711]}, "properties": {"OBJECTID": 65, "UNIDADES": "POSTO DE ABADIN", "category": "garda_civil", "source_layer": "Garda Civil"}}, {"type": "Feature", "id": 66, "geometry": {"type": "Point", "coordinates": [-7.751088195366697, 43.174203466327235]}, "properties": {"OBJECTID": 66, "UNIDADES": "POSTO DE BAAMONDE", "category": "garda_civil", "source_layer": "Garda Civil"}}, {"type": "Feature", "id": 67, "geometry": {"type": "Point", "coordinates": [-7.231151564303343, 43.54045092095894]}, "properties": {"OBJECTID": 67, "UNIDADES": "POSTO DE BARREIROS", "category": "garda_civil", "source_layer": "Garda Civil"}}, {"type": "Feature", "id": 68, "geometry": {"type": "Point", "coordinates": [-7.160556719678707, 42.85228302692918]}, "properties": {"OBJECTID": 68, "UNIDADES": "POSTO DE BECERREA", "category": "garda_civil", "source_layer": "Garda Civil"}}, {"type": "Feature", "id": 69, "geometry": {"type": "Point", "coordinates": [-7.479884254706824, 42.62847511854111]}, "properties": {"OBJECTID": 69, "UNIDADES": "POSTO DE BOVEDA", "category": "garda_civil", "source_layer": "Garda Civil"}}, {"type": "Feature", "id": 70, "geometry": {"type": "Point", "coordinates": [-7.810374866527048, 42.53783230717498]}, "properties": {"OBJECTID": 70, "UNIDADES": "POSTO DE CARBALLEDO", "category": "garda_civil", "source_layer": "Garda Civil"}}, {"type": "Feature", "id": 71, "geometry": {"type": "Point", "coordinates": [-7.395678296037928, 43.20603852876181]}, "properties": {"OBJECTID": 71, "UNIDADES": "POSTO DE CASTRO DE REI", "category": "garda_civil", "source_layer": "Garda Civil"}}, {"type": "Feature", "id": 72, "geometry": {"type": "Point", "coordinates": [-7.321933820555968, 43.03184395173137]}, "properties": {"OBJECTID": 72, "UNIDADES": "POSTO DE CASTROVERDE", "category": "garda_civil", "source_layer": "Garda Civil"}}, {"type": "Feature", "id": 73, "geometry": {"type": "Point", "coordinates": [-7.769874702442865, 42.61269719709434]}, "properties": {"OBJECTID": 73, "UNIDADES": "POSTO DE CHANTADA", "category": "garda_civil", "source_layer": "Garda Civil"}}, {"type": "Feature", "id": 74, "geometry": {"type": "Point", "coordinates": [-7.55525833185772, 43.23407596081096]}, "properties": {"OBJECTID": 74, "UNIDADES": "POSTO DE COSPEITO", "category": "garda_civil", "source_layer": "Garda Civil"}}, {"type": "Feature", "id": 75, "geometry": {"type": "Point", "coordinates": [-7.6376920295574475, 42.58809805462822]}, "properties": {"OBJECTID": 75, "UNIDADES": "POSTO DE ESCAIRON", "category": "garda_civil", "source_layer": "Garda Civil"}}, {"type": "Feature", "id": 76, "geometry": {"type": "Point", "coordinates": [-7.437054425377075, 43.54918774812014]}, "properties": {"OBJECTID": 76, "UNIDADES": "POSTO DE FERREIRA VALLE ORO", "category": "garda_civil", "source_layer": "Garda Civil"}}, {"type": "Feature", "id": 77, "geometry": {"type": "Point", "coordinates": [-7.066191272812429, 43.128902076380406]}, "properties": {"OBJECTID": 77, "UNIDADES": "POSTO DE FONSAGRADA", "category": "garda_civil", "source_layer": "Garda Civil"}}, {"type": "Feature", "id": 78, "geometry": {"type": "Point", "coordinates": [-7.261550306491331, 43.56328314511567]}, "properties": {"OBJECTID": 78, "UNIDADES": "POSTO DE FOZ", "category": "garda_civil", "source_layer": "Garda Civil"}}, {"type": "Feature", "id": 79, "geometry": {"type": "Point", "coordinates": [-7.794499280424672, 43.03275473377633]}, "properties": {"OBJECTID": 79, "UNIDADES": "POSTO DE FRIOL", "category": "garda_civil", "source_layer": "Garda Civil"}}, {"type": "Feature", "id": 80, "geometry": {"type": "Point", "coordinates": [-7.813635517599664, 43.35534048802868]}, "properties": {"OBJECTID": 80, "UNIDADES": "POSTO DE XERMADE", "category": "garda_civil", "source_layer": "Garda Civil"}}, {"type": "Feature", "id": 81, "geometry": {"type": "Point", "coordinates": [-7.885782768984309, 43.18010423352284]}, "properties": {"OBJECTID": 81, "UNIDADES": "POSTO DE GUITIRIZ", "category": "garda_civil", "source_layer": "Garda Civil"}}, {"type": "Feature", "id": 82, "geometry": {"type": "Point", "coordinates": [-7.700617154999167, 42.88801780190156]}, "properties": {"OBJECTID": 82, "UNIDADES": "POSTO DE GUNTIN", "category": "garda_civil", "source_layer": "Garda Civil"}}, {"type": "Feature", "id": 83, "geometry": {"type": "Point", "coordinates": [-7.508570801461322, 43.687278060315506]}, "properties": {"OBJECTID": 83, "UNIDADES": "POSTO DE XOVE", "category": "garda_civil", "source_layer": "Garda Civil"}}, {"type": "Feature", "id": 84, "geometry": {"type": "Point", "coordinates": [-7.292861547561086, 43.220238131877736]}, "properties": {"OBJECTID": 84, "UNIDADES": "POSTO DE MEIRA", "category": "garda_civil", "source_layer": "Garda Civil"}}, {"type": "Feature", "id": 85, "geometry": {"type": "Point", "coordinates": [-7.357219970276446, 43.433379574103455]}, "properties": {"OBJECTID": 85, "UNIDADES": "POSTO DE MONDOÑEDO", "category": "garda_civil", "source_layer": "Garda Civil"}}, {"type": "Feature", "id": 86, "geometry": {"type": "Point", "coordinates": [-7.838634726919037, 42.79142982626147]}, "properties": {"OBJECTID": 86, "UNIDADES": "POSTO DE MONTERROSO", "category": "garda_civil", "source_layer": "Garda Civil"}}, {"type": "Feature", "id": 87, "geometry": {"type": "Point", "coordinates": [-7.7258651557095925, 43.46102421632693]}, "properties": {"OBJECTID": 87, "UNIDADES": "POSTO DE MURAS", "category": "garda_civil", "source_layer": "Garda Civil"}}, {"type": "Feature", "id": 88, "geometry": {"type": "Point", "coordinates": [-7.002833151803426, 42.96674879343515]}, "properties": {"OBJECTID": 88, "UNIDADES": "POSTO DE NAVIA DE SUARNA", "category": "garda_civil", "source_layer": "Garda Civil"}}, {"type": "Feature", "id": 89, "geometry": {"type": "Point", "coordinates": [-7.8703058104904375, 42.87215899914642]}, "properties": {"OBJECTID": 89, "UNIDADES": "POSTO DE PALAS DE REI", "category": "garda_civil", "source_layer": "Garda Civil"}}, {"type": "Feature", "id": 90, "geometry": {"type": "Point", "coordinates": [-7.633053319545974, 42.50479420652954]}, "properties": {"OBJECTID": 90, "UNIDADES": "POSTO DE PANTON", "category": "garda_civil", "source_layer": "Garda Civil"}}, {"type": "Feature", "id": 91, "geometry": {"type": "Point", "coordinates": [-7.342170217900019, 43.29846231621967]}, "properties": {"OBJECTID": 91, "UNIDADES": "POSTO DE PASTORIZA", "category": "garda_civil", "source_layer": "Garda Civil"}}, {"type": "Feature", "id": 92, "geometry": {"type": "Point", "coordinates": [-7.022079366490097, 42.72422314980328]}, "properties": {"OBJECTID": 92, "UNIDADES": "POSTO DE PIEDRAFITA", "category": "garda_civil", "source_layer": "Garda Civil"}}, {"type": "Feature", "id": 93, "geometry": {"type": "Point", "coordinates": [-7.445258251959825, 42.862263135113125]}, "properties": {"OBJECTID": 93, "UNIDADES": "POSTO DE A POBRA DE SAN XIAO", "category": "garda_civil", "source_layer": "Garda Civil"}}, {"type": "Feature", "id": 94, "geometry": {"type": "Point", "coordinates": [-7.1905357928796745, 43.35011051699277]}, "properties": {"OBJECTID": 94, "UNIDADES": "POSTO DE A PONTENOVA", "category": "garda_civil", "source_layer": "Garda Civil"}}, {"type": "Feature", "id": 95, "geometry": {"type": "Point", "coordinates": [-7.6174588354830615, 42.80742776544435]}, "properties": {"OBJECTID": 95, "UNIDADES": "POSTO DE PORTOMARIN", "category": "garda_civil", "source_layer": "Garda Civil"}}, {"type": "Feature", "id": 96, "geometry": {"type": "Point", "coordinates": [-7.267551620167712, 42.47653683025689]}, "properties": {"OBJECTID": 96, "UNIDADES": "POSTO DE QUIROGA", "category": "garda_civil", "source_layer": "Garda Civil"}}, {"type": "Feature", "id": 97, "geometry": {"type": "Point", "coordinates": [-7.62984612931037, 43.11937759485161]}, "properties": {"OBJECTID": 97, "UNIDADES": "POSTO DE RABADE", "category": "garda_civil", "source_layer": "Garda Civil"}}, {"type": "Feature", "id": 98, "geometry": {"type": "Point", "coordinates": [-7.055311883270793, 43.53817581172743]}, "properties": {"OBJECTID": 98, "UNIDADES": "POSTO DE RIBADEO", "category": "garda_civil", "source_layer": "Garda Civil"}}, {"type": "Feature", "id": 99, "geometry": {"type": "Point", "coordinates": [-7.3268892358909685, 42.72994111424261]}, "properties": {"OBJECTID": 99, "UNIDADES": "POSTO DE SAMOS", "category": "garda_civil", "source_layer": "Garda Civil"}}, {"type": "Feature", "id": 100, "geometry": {"type": "Point", "coordinates": [-7.059259580237287, 42.866657126427974]}, "properties": {"OBJECTID": 100, "UNIDADES": "POSTO DE SAN ROMAN DE CERVANTES", "category": "garda_civil", "source_layer": "Garda Civil"}}, {"type": "Feature", "id": 101, "geometry": {"type": "Point", "coordinates": [-7.407460292070945, 42.771510550737126]}, "properties": {"OBJECTID": 101, "UNIDADES": "POSTO DE SARRIA", "category": "garda_civil", "source_layer": "Garda Civil"}}, {"type": "Feature", "id": 102, "geometry": {"type": "Point", "coordinates": [-7.151145847789762, 42.63925736738877]}, "properties": {"OBJECTID": 102, "UNIDADES": "POSTO DE SEOANE DE CAUREL", "category": "garda_civil", "source_layer": "Garda Civil"}}, {"type": "Feature", "id": 103, "geometry": {"type": "Point", "coordinates": [-7.760431292182095, 42.71646992959054]}, "properties": {"OBJECTID": 103, "UNIDADES": "POSTO DE TABOADA", "category": "garda_civil", "source_layer": "Garda Civil"}}, {"type": "Feature", "id": 104, "geometry": {"type": "Point", "coordinates": [-7.677478208039058, 43.73297975855272]}, "properties": {"OBJECTID": 104, "UNIDADES": "POSTO DE VICEDO", "category": "garda_civil", "source_layer": "Garda Civil"}}, {"type": "Feature", "id": 105, "geometry": {"type": "Point", "coordinates": [-7.601404454620063, 43.666868816215434]}, "properties": {"OBJECTID": 105, "UNIDADES": "POSTO DE VIVEIRO", "category": "garda_civil", "source_layer": "Garda Civil"}}, {"type": "Feature", "id": 106, "geometry": {"type": "Point", "coordinates": [-7.845253135861711, 42.327428035374375]}, "properties": {"OBJECTID": 106, "UNIDADES": "C.O.S. OURENSE / CMDA. ORENSE / COMPAÑIA DE ORENSE / DESTO. ORENSE / POSTO DE ORENSE / SUBSECTOR TRAF. ORENSE", "category": "garda_civil", "source_layer": "Garda Civil"}}, {"type": "Feature", "id": 107, "geometry": {"type": "Point", "coordinates": [-7.121083406282683, 42.394513739819736]}, "properties": {"OBJECTID": 107, "UNIDADES": "COMPAÑIA DE A RUA / POSTO DE A RUA", "category": "garda_civil", "source_layer": "Garda Civil"}}, {"type": "Feature", "id": 108, "geometry": {"type": "Point", "coordinates": [-7.957888700270099, 42.15842878021663]}, "properties": {"OBJECTID": 108, "UNIDADES": "COMPAÑIA DE CELANOVA / POSTO DE CELANOVA", "category": "garda_civil", "source_layer": "Garda Civil"}}, {"type": "Feature", "id": 109, "geometry": {"type": "Point", "coordinates": [-7.447935047427204, 41.93949730679324]}, "properties": {"OBJECTID": 109, "UNIDADES": "COMPAÑIA DE VERIN / DESTO. VERIN / POSTO DE VERIN", "category": "garda_civil", "source_layer": "Garda Civil"}}, {"type": "Feature", "id": 110, "geometry": {"type": "Point", "coordinates": [-6.98309670577955, 42.421518086401704]}, "properties": {"OBJECTID": 110, "UNIDADES": "DESTO. O BARCO DE VALDEORRAS / POSTO DE O BARCO DE VALDEORRAS", "category": "garda_civil", "source_layer": "Garda Civil"}}, {"type": "Feature", "id": 111, "geometry": {"type": "Point", "coordinates": [-7.714416251826882, 41.95350412917957]}, "properties": {"OBJECTID": 111, "UNIDADES": "POSTO AUXILIAR DE BALTAR", "category": "garda_civil", "source_layer": "Garda Civil"}}, {"type": "Feature", "id": 112, "geometry": {"type": "Point", "coordinates": [-7.1494765089722945, 42.05759268297476]}, "properties": {"OBJECTID": 112, "UNIDADES": "POSTO DE A GUDIÑA", "category": "garda_civil", "source_layer": "Garda Civil"}}, {"type": "Feature", "id": 113, "geometry": {"type": "Point", "coordinates": [-7.026650838464961, 42.25120783768696]}, "properties": {"OBJECTID": 113, "UNIDADES": "POSTO DE A VEIGA", "category": "garda_civil", "source_layer": "Garda Civil"}}, {"type": "Feature", "id": 114, "geometry": {"type": "Point", "coordinates": [-7.79859047322862, 42.187339843811614]}, "properties": {"OBJECTID": 114, "UNIDADES": "POSTO DE ALLARIZ", "category": "garda_civil", "source_layer": "Garda Civil"}}, {"type": "Feature", "id": 115, "geometry": {"type": "Point", "coordinates": [-7.9775613694782, 42.03350033206502]}, "properties": {"OBJECTID": 115, "UNIDADES": "POSTO DE BANDE", "category": "garda_civil", "source_layer": "Garda Civil"}}, {"type": "Feature", "id": 116, "geometry": {"type": "Point", "coordinates": [-8.274545452765478, 42.46568410186313]}, "properties": {"OBJECTID": 116, "UNIDADES": "POSTO DE BEARIZ", "category": "garda_civil", "source_layer": "Garda Civil"}}, {"type": "Feature", "id": 117, "geometry": {"type": "Point", "coordinates": [-7.896669826580909, 41.9468623087454]}, "properties": {"OBJECTID": 117, "UNIDADES": "POSTO DE CALVOS DE RANDIN", "category": "garda_civil", "source_layer": "Garda Civil"}}, {"type": "Feature", "id": 118, "geometry": {"type": "Point", "coordinates": [-7.984633826060714, 42.475437175524085]}, "properties": {"OBJECTID": 118, "UNIDADES": "POSTO DE CEA", "category": "garda_civil", "source_layer": "Garda Civil"}}, {"type": "Feature", "id": 119, "geometry": {"type": "Point", "coordinates": [-7.419494107431783, 42.37363517137529]}, "properties": {"OBJECTID": 119, "UNIDADES": "POSTO DE CASTRO CALDELAS", "category": "garda_civil", "source_layer": "Garda Civil"}}, {"type": "Feature", "id": 120, "geometry": {"type": "Point", "coordinates": [-8.167939851886912, 42.20719120851295]}, "properties": {"OBJECTID": 120, "UNIDADES": "POSTO DE CORTEGADA", "category": "garda_civil", "source_layer": "Garda Civil"}}, {"type": "Feature", "id": 121, "geometry": {"type": "Point", "coordinates": [-7.5934648597198136, 41.98712178413334]}, "properties": {"OBJECTID": 121, "UNIDADES": "POSTO DE CUALEDRO", "category": "garda_civil", "source_layer": "Garda Civil"}}, {"type": "Feature", "id": 122, "geometry": {"type": "Point", "coordinates": [-7.69451442604176, 42.32599506715571]}, "properties": {"OBJECTID": 122, "UNIDADES": "POSTO DE ESGOS", "category": "garda_civil", "source_layer": "Garda Civil"}}, {"type": "Feature", "id": 123, "geometry": {"type": "Point", "coordinates": [-8.027000957477785, 42.18935338758225]}, "properties": {"OBJECTID": 123, "UNIDADES": "POSTO DE FREAS DE EIRAS", "category": "garda_civil", "source_layer": "Garda Civil"}}, {"type": "Feature", "id": 124, "geometry": {"type": "Point", "coordinates": [-8.128217112359797, 42.36901275390894]}, "properties": {"OBJECTID": 124, "UNIDADES": "POSTO DE LEIRO", "category": "garda_civil", "source_layer": "Garda Civil"}}, {"type": "Feature", "id": 125, "geometry": {"type": "Point", "coordinates": [-8.038864041477352, 41.98823535388763]}, "properties": {"OBJECTID": 125, "UNIDADES": "POSTO DE LOBEIRA", "category": "garda_civil", "source_layer": "Garda Civil"}}, {"type": "Feature", "id": 126, "geometry": {"type": "Point", "coordinates": [-8.081611233217282, 41.90510392781144]}, "properties": {"OBJECTID": 126, "UNIDADES": "POSTO DE LOBIOS", "category": "garda_civil", "source_layer": "Garda Civil"}}, {"type": "Feature", "id": 127, "geometry": {"type": "Point", "coordinates": [-7.723260933983733, 42.4108232511721]}, "properties": {"OBJECTID": 127, "UNIDADES": "POSTO DE LUINTRA", "category": "garda_civil", "source_layer": "Garda Civil"}}, {"type": "Feature", "id": 128, "geometry": {"type": "Point", "coordinates": [-7.652598210305229, 42.26982816090827]}, "properties": {"OBJECTID": 128, "UNIDADES": "POSTO DE MACEDA", "category": "garda_civil", "source_layer": "Garda Civil"}}, {"type": "Feature", "id": 129, "geometry": {"type": "Point", "coordinates": [-7.255985694028139, 42.34179494667259]}, "properties": {"OBJECTID": 129, "UNIDADES": "POSTO DE POBRA DE TRIVES", "category": "garda_civil", "source_layer": "Garda Civil"}}, {"type": "Feature", "id": 130, "geometry": {"type": "Point", "coordinates": [-8.18828470812266, 42.1359113689812]}, "properties": {"OBJECTID": 130, "UNIDADES": "POSTO DE PONTE BARXAS", "category": "garda_civil", "source_layer": "Garda Civil"}}, {"type": "Feature", "id": 131, "geometry": {"type": "Point", "coordinates": [-8.143764721281904, 42.285645866963335]}, "properties": {"OBJECTID": 131, "UNIDADES": "POSTO DE RIBADAVIA", "category": "garda_civil", "source_layer": "Garda Civil"}}, {"type": "Feature", "id": 132, "geometry": {"type": "Point", "coordinates": [-7.284617114755573, 41.97493556323808]}, "properties": {"OBJECTID": 132, "UNIDADES": "POSTO DE RIOS", "category": "garda_civil", "source_layer": "Garda Civil"}}, {"type": "Feature", "id": 133, "geometry": {"type": "Point", "coordinates": [-7.9095970058547485, 42.42467054804426]}, "properties": {"OBJECTID": 133, "UNIDADES": "POSTO DE TAMALLANCOS", "category": "garda_civil", "source_layer": "Garda Civil"}}, {"type": "Feature", "id": 134, "geometry": {"type": "Point", "coordinates": [-7.611946688642106, 42.02133900167502]}, "properties": {"OBJECTID": 134, "UNIDADES": "POSTO DE TRASMIRAS", "category": "garda_civil", "source_layer": "Garda Civil"}}, {"type": "Feature", "id": 135, "geometry": {"type": "Point", "coordinates": [-7.109467946641851, 42.18167827544673]}, "properties": {"OBJECTID": 135, "UNIDADES": "POSTO DE VIANA DO BOLO", "category": "garda_civil", "source_layer": "Garda Civil"}}, {"type": "Feature", "id": 136, "geometry": {"type": "Point", "coordinates": [-7.610899066866607, 42.16112430306621]}, "properties": {"OBJECTID": 136, "UNIDADES": "POSTO DE VILAR DE BARRIO", "category": "garda_civil", "source_layer": "Garda Civil"}}, {"type": "Feature", "id": 137, "geometry": {"type": "Point", "coordinates": [-7.724224792995489, 42.06023368927391]}, "properties": {"OBJECTID": 137, "UNIDADES": "POSTO DE XINZO DE LIMIA", "category": "garda_civil", "source_layer": "Garda Civil"}}, {"type": "Feature", "id": 138, "geometry": {"type": "Point", "coordinates": [-8.077996871252056, 42.440566570173864]}, "properties": {"OBJECTID": 138, "UNIDADES": "POSTO P. DE CARBALLINO", "category": "garda_civil", "source_layer": "Garda Civil"}}, {"type": "Feature", "id": 139, "geometry": {"type": "Point", "coordinates": [-8.648180091525477, 42.038037867328065]}, "properties": {"OBJECTID": 139, "UNIDADES": "CCPA TUI-VALENCIA DO MINHO", "category": "garda_civil", "source_layer": "Garda Civil"}}, {"type": "Feature", "id": 140, "geometry": {"type": "Point", "coordinates": [-8.106705022225572, 42.660356140913116]}, "properties": {"OBJECTID": 140, "UNIDADES": "COMPAÑÍA DE LALIN / DESTO. LALIN / POSTO P. DE LALIN", "category": "garda_civil", "source_layer": "Garda Civil"}}, {"type": "Feature", "id": 141, "geometry": {"type": "Point", "coordinates": [-8.652433108937085, 42.436845624217646]}, "properties": {"OBJECTID": 141, "UNIDADES": "C.O.S. / CMDA. PONTEVEDRA / COMPAÑÍA DE PONTEVEDRA / DESTO. PONTEVEDRA  / POSTO DE PONTEVEDRA-EXTERIOR / SUBSECTOR TRAF. PONTEVEDRA", "category": "garda_civil", "source_layer": "Garda Civil"}}, {"type": "Feature", "id": 142, "geometry": {"type": "Point", "coordinates": [-8.643631195282351, 42.049209568568436]}, "properties": {"OBJECTID": 142, "UNIDADES": "COMPAÑÍA DE TUI / POSTO DE TUI", "category": "garda_civil", "source_layer": "Garda Civil"}}, {"type": "Feature", "id": 143, "geometry": {"type": "Point", "coordinates": [-8.72573803201937, 42.22434213275103]}, "properties": {"OBJECTID": 143, "UNIDADES": "COMPAÑÍA DE VIGO", "category": "garda_civil", "source_layer": "Garda Civil"}}, {"type": "Feature", "id": 145, "geometry": {"type": "Point", "coordinates": [-8.633049183610192, 42.22474017331175]}, "properties": {"OBJECTID": 145, "UNIDADES": "DESTO. AEROPUERTO DE VIGO (Desto.-Fiscal.-Seguridad)", "category": "garda_civil", "source_layer": "Garda Civil"}}, {"type": "Feature", "id": 146, "geometry": {"type": "Point", "coordinates": [-8.63257991385336, 42.15442777426373]}, "properties": {"OBJECTID": 146, "UNIDADES": "DESTO. PORRIÑO / POSTO P. DE PORRIÑO", "category": "garda_civil", "source_layer": "Garda Civil"}}, {"type": "Feature", "id": 147, "geometry": {"type": "Point", "coordinates": [-8.6372910986956, 42.367454281005244]}, "properties": {"OBJECTID": 147, "UNIDADES": "DESTO. VILABOA", "category": "garda_civil", "source_layer": "Garda Civil"}}, {"type": "Feature", "id": 148, "geometry": {"type": "Point", "coordinates": [-8.60378025967108, 42.43469536424702]}, "properties": {"OBJECTID": 148, "UNIDADES": "G. R. S. 7", "category": "garda_civil", "source_layer": "Garda Civil"}}, {"type": "Feature", "id": 149, "geometry": {"type": "Point", "coordinates": [-8.26258403423949, 42.216494378332484]}, "properties": {"OBJECTID": 149, "UNIDADES": "POSTO DE A CAÑIZA", "category": "garda_civil", "source_layer": "Garda Civil"}}, {"type": "Feature", "id": 150, "geometry": {"type": "Point", "coordinates": [-8.499709075775366, 42.68698087058754]}, "properties": {"OBJECTID": 150, "UNIDADES": "POSTO DE A ESTRADA", "category": "garda_civil", "source_layer": "Garda Civil"}}, {"type": "Feature", "id": 151, "geometry": {"type": "Point", "coordinates": [-8.861123540521632, 41.89878767694367]}, "properties": {"OBJECTID": 151, "UNIDADES": "POSTO DE A GUARDA", "category": "garda_civil", "source_layer": "Garda Civil"}}, {"type": "Feature", "id": 152, "geometry": {"type": "Point", "coordinates": [-8.303529293581855, 42.10880229129286]}, "properties": {"OBJECTID": 152, "UNIDADES": "POSTO DE ARBO", "category": "garda_civil", "source_layer": "Garda Civil"}}, {"type": "Feature", "id": 153, "geometry": {"type": "Point", "coordinates": [-8.848905454391021, 42.116582397319554]}, "properties": {"OBJECTID": 153, "UNIDADES": "POSTO DE BAIONA", "category": "garda_civil", "source_layer": "Garda Civil"}}, {"type": "Feature", "id": 154, "geometry": {"type": "Point", "coordinates": [-8.643224166128936, 42.599818160483906]}, "properties": {"OBJECTID": 154, "UNIDADES": "POSTO DE CALDAS DE REIS", "category": "garda_civil", "source_layer": "Garda Civil"}}, {"type": "Feature", "id": 155, "geometry": {"type": "Point", "coordinates": [-8.389774431278607, 42.533552175563294]}, "properties": {"OBJECTID": 155, "UNIDADES": "POSTO DE CERDEDO", "category": "garda_civil", "source_layer": "Garda Civil"}}, {"type": "Feature", "id": 156, "geometry": {"type": "Point", "coordinates": [-8.361428527229375, 42.23166799753841]}, "properties": {"OBJECTID": 156, "UNIDADES": "POSTO DE COVELO", "category": "garda_civil", "source_layer": "Garda Civil"}}, {"type": "Feature", "id": 157, "geometry": {"type": "Point", "coordinates": [-8.17270878562142, 42.793342626376266]}, "properties": {"OBJECTID": 157, "UNIDADES": "POSTO DE CRUCES", "category": "garda_civil", "source_layer": "Garda Civil"}}, {"type": "Feature", "id": 158, "geometry": {"type": "Point", "coordinates": [-8.55817380155839, 42.632737843465925]}, "properties": {"OBJECTID": 158, "UNIDADES": "POSTO DE CUNTIS", "category": "garda_civil", "source_layer": "Garda Civil"}}, {"type": "Feature", "id": 159, "geometry": {"type": "Point", "coordinates": [-8.34926846695629, 42.592758580606706]}, "properties": {"OBJECTID": 159, "UNIDADES": "POSTO DE FORCAREI", "category": "garda_civil", "source_layer": "Garda Civil"}}, {"type": "Feature", "id": 160, "geometry": {"type": "Point", "coordinates": [-8.452384266568728, 42.33761055132198]}, "properties": {"OBJECTID": 160, "UNIDADES": "POSTO DE FORNELOS DE MONTES", "category": "garda_civil", "source_layer": "Garda Civil"}}, {"type": "Feature", "id": 161, "geometry": {"type": "Point", "coordinates": [-8.759747255060603, 42.115081048630834]}, "properties": {"OBJECTID": 161, "UNIDADES": "POSTO DE GONDOMAR", "category": "garda_civil", "source_layer": "Garda Civil"}}, {"type": "Feature", "id": 162, "geometry": {"type": "Point", "coordinates": [-8.69594573062659, 42.381861878993206]}, "properties": {"OBJECTID": 162, "UNIDADES": "POSTO DE MARIN (FISCAL) /  S. M. P. PONTEVEDRA", "category": "garda_civil", "source_layer": "Garda Civil"}}, {"type": "Feature", "id": 163, "geometry": {"type": "Point", "coordinates": [-8.737178673113991, 42.289909139363964]}, "properties": {"OBJECTID": 163, "UNIDADES": "POSTO DE MOAÑA", "category": "garda_civil", "source_layer": "Garda Civil"}}, {"type": "Feature", "id": 164, "geometry": {"type": "Point", "coordinates": [-8.651546019342817, 42.20087269128287]}, "properties": {"OBJECTID": 164, "UNIDADES": "POSTO DE MOS", "category": "garda_civil", "source_layer": "Garda Civil"}}, {"type": "Feature", "id": 165, "geometry": {"type": "Point", "coordinates": [-8.867968007092145, 42.48679888884656]}, "properties": {"OBJECTID": 165, "UNIDADES": "POSTO DE O GROVE", "category": "garda_civil", "source_layer": "Garda Civil"}}, {"type": "Feature", "id": 166, "geometry": {"type": "Point", "coordinates": [-8.50367337070456, 42.39039001894253]}, "properties": {"OBJECTID": 166, "UNIDADES": "POSTO DE PONTE CALDELAS", "category": "garda_civil", "source_layer": "Garda Civil"}}, {"type": "Feature", "id": 167, "geometry": {"type": "Point", "coordinates": [-7.9442571099698975, 42.64880737927221]}, "properties": {"OBJECTID": 167, "UNIDADES": "POSTO DE RODEIRO", "category": "garda_civil", "source_layer": "Garda Civil"}}, {"type": "Feature", "id": 168, "geometry": {"type": "Point", "coordinates": [-8.503801653739206, 42.08850056081978]}, "properties": {"OBJECTID": 168, "UNIDADES": "POSTO DE SALVATIERRA DE MIÑO", "category": "garda_civil", "source_layer": "Garda Civil"}}, {"type": "Feature", "id": 169, "geometry": {"type": "Point", "coordinates": [-8.245433948665296, 42.69195378907544]}, "properties": {"OBJECTID": 169, "UNIDADES": "POSTO DE SILLEDA", "category": "garda_civil", "source_layer": "Garda Civil"}}, {"type": "Feature", "id": 170, "geometry": {"type": "Point", "coordinates": [-8.607406346296495, 42.33267953027586]}, "properties": {"OBJECTID": 170, "UNIDADES": "POSTO DE SOUTOMAIOR", "category": "garda_civil", "source_layer": "Garda Civil"}}, {"type": "Feature", "id": 171, "geometry": {"type": "Point", "coordinates": [-8.738127194458698, 41.990612260630805]}, "properties": {"OBJECTID": 171, "UNIDADES": "POSTO DE TOMIÑO", "category": "garda_civil", "source_layer": "Garda Civil"}}, {"type": "Feature", "id": 172, "geometry": {"type": "Point", "coordinates": [-8.650463196644363, 42.703203576072895]}, "properties": {"OBJECTID": 172, "UNIDADES": "POSTO DE VALGA", "category": "garda_civil", "source_layer": "Garda Civil"}}, {"type": "Feature", "id": 173, "geometry": {"type": "Point", "coordinates": [-8.811774608597327, 42.518082147458486]}, "properties": {"OBJECTID": 173, "UNIDADES": "POSTO P. DE CAMBADOS", "category": "garda_civil", "source_layer": "Garda Civil"}}, {"type": "Feature", "id": 174, "geometry": {"type": "Point", "coordinates": [-8.772603022341912, 42.26329108552356]}, "properties": {"OBJECTID": 174, "UNIDADES": "POSTO P. DE CANGAS DEL MORRAZO", "category": "garda_civil", "source_layer": "Garda Civil"}}, {"type": "Feature", "id": 175, "geometry": {"type": "Point", "coordinates": [-8.501803116780806, 42.1722932977223]}, "properties": {"OBJECTID": 175, "UNIDADES": "POSTO P. DE PONTEAREAS", "category": "garda_civil", "source_layer": "Garda Civil"}}, {"type": "Feature", "id": 176, "geometry": {"type": "Point", "coordinates": [-8.800164631429272, 42.402442349693594]}, "properties": {"OBJECTID": 176, "UNIDADES": "POSTO P. DE SANXENXO", "category": "garda_civil", "source_layer": "Garda Civil"}}, {"type": "Feature", "id": 177, "geometry": {"type": "Point", "coordinates": [-8.719256698721427, 42.241197399088485]}, "properties": {"OBJECTID": 177, "UNIDADES": "SECCION FISCAL DEL PUERTO-VIGO", "category": "garda_civil", "source_layer": "Garda Civil"}}, {"type": "Feature", "id": 180, "geometry": {"type": "Point", "coordinates": [-8.759000000097181, 42.59494999932222]}, "properties": {"OBJECTID": 180, "UNIDADES": "COMPAÑìA DE CAMBADOS /DTO DE VILAGARCIA (FISCAL)", "category": "garda_civil", "source_layer": "Garda Civil"}}, {"type": "Feature", "id": 181, "geometry": {"type": "Point", "coordinates": [-8.844999999409628, 42.116679999154414]}, "properties": {"OBJECTID": 181, "UNIDADES": "POSTO P. DE BAIONA-NIGRÁN", "category": "garda_civil", "source_layer": "Garda Civil"}}, {"type": "Feature", "id": 182, "geometry": {"type": "Point", "coordinates": [-8.719000000336548, 42.24009899887391]}, "properties": {"OBJECTID": 182, "UNIDADES": "COMPAÑÍA FISCAL Y FRONTERAS VIGO", "category": "garda_civil", "source_layer": "Garda Civil"}}, {"type": "Feature", "id": 183, "geometry": {"type": "Point", "coordinates": [-8.827000000414552, 42.56269999886571]}, "properties": {"OBJECTID": 183, "UNIDADES": "POSTO DE VILANOVA DE AROUSA", "category": "garda_civil", "source_layer": "Garda Civil"}}, {"type": "Feature", "id": 184, "geometry": {"type": "Point", "coordinates": [-8.467424453360174, 42.79645282242483]}, "properties": {"OBJECTID": 184, "UNIDADES": "POSTO DE LESTEDO", "category": "garda_civil", "source_layer": "Garda Civil"}}, {"type": "Feature", "id": 185, "geometry": {"type": "Point", "coordinates": [-9.03457158235952, 43.11060829957479]}, "properties": {"OBJECTID": 185, "UNIDADES": "POSTO DE VIMIANZO", "category": "garda_civil", "source_layer": "Garda Civil"}}, {"type": "Feature", "id": 1, "geometry": {"type": "Point", "coordinates": [-8.55193101904377, 43.08839028627303]}, "properties": {"OBJECTID": 1, "CONCELLO": "Tordoia", "TIPO": "PL", "category": "policia_local", "source_layer": "Policía local e vixiantes municipais"}}, {"type": "Feature", "id": 2, "geometry": {"type": "Point", "coordinates": [-8.929632203451641, 43.21928592596419]}, "properties": {"OBJECTID": 2, "CONCELLO": "Cabana de Bergantiños", "TIPO": "PL", "category": "policia_local", "source_layer": "Policía local e vixiantes municipais"}}, {"type": "Feature", "id": 3, "geometry": {"type": "Point", "coordinates": [-8.234416992557573, 43.319624056215815]}, "properties": {"OBJECTID": 3, "CONCELLO": "Bergondo", "TIPO": "PL", "category": "policia_local", "source_layer": "Policía local e vixiantes municipais"}}, {"type": "Feature", "id": 4, "geometry": {"type": "Point", "coordinates": [-9.00421744945843, 43.21731494249878]}, "properties": {"OBJECTID": 4, "CONCELLO": "Laxe", "TIPO": "PL", "category": "policia_local", "source_layer": "Policía local e vixiantes municipais"}}, {"type": "Feature", "id": 5, "geometry": {"type": "Point", "coordinates": [-8.993339601680466, 42.55485054028162]}, "properties": {"OBJECTID": 5, "CONCELLO": "Ribeira", "TIPO": "PL", "category": "policia_local", "source_layer": "Policía local e vixiantes municipais"}}, {"type": "Feature", "id": 6, "geometry": {"type": "Point", "coordinates": [-9.190141712690302, 42.95543605423974]}, "properties": {"OBJECTID": 6, "CONCELLO": "Cee", "TIPO": "PL", "category": "policia_local", "source_layer": "Policía local e vixiantes municipais"}}, {"type": "Feature", "id": 7, "geometry": {"type": "Point", "coordinates": [-8.143402180800347, 43.606803027350736]}, "properties": {"OBJECTID": 7, "CONCELLO": "Valdoviño", "TIPO": "PL", "category": "policia_local", "source_layer": "Policía local e vixiantes municipais"}}, {"type": "Feature", "id": 8, "geometry": {"type": "Point", "coordinates": [-8.900865738394502, 43.24335487910607]}, "properties": {"OBJECTID": 8, "CONCELLO": "Ponteceso", "TIPO": "PL", "category": "policia_local", "source_layer": "Policía local e vixiantes municipais"}}, {"type": "Feature", "id": 9, "geometry": {"type": "Point", "coordinates": [-8.056469479969678, 43.660739963460074]}, "properties": {"OBJECTID": 9, "CONCELLO": "Cedeira", "TIPO": "PL", "category": "policia_local", "source_layer": "Policía local e vixiantes municipais"}}, {"type": "Feature", "id": 10, "geometry": {"type": "Point", "coordinates": [-8.016734767963586, 42.915131647129215]}, "properties": {"OBJECTID": 10, "CONCELLO": "Melide", "TIPO": "PL", "category": "policia_local", "source_layer": "Policía local e vixiantes municipais"}}, {"type": "Feature", "id": 11, "geometry": {"type": "Point", "coordinates": [-8.939121727962586, 42.603325259382046]}, "properties": {"OBJECTID": 11, "CONCELLO": "A Pobra do Caramiñal", "TIPO": "PL", "category": "policia_local", "source_layer": "Policía local e vixiantes municipais"}}, {"type": "Feature", "id": 12, "geometry": {"type": "Point", "coordinates": [-7.868541054485857, 43.74049589220762]}, "properties": {"OBJECTID": 12, "CONCELLO": "Cariño", "TIPO": "PL", "category": "policia_local", "source_layer": "Policía local e vixiantes municipais"}}, {"type": "Feature", "id": 13, "geometry": {"type": "Point", "coordinates": [-8.357133899875702, 43.22888898744599]}, "properties": {"OBJECTID": 13, "CONCELLO": "Carral", "TIPO": "PL", "category": "policia_local", "source_layer": "Policía local e vixiantes municipais"}}, {"type": "Feature", "id": 14, "geometry": {"type": "Point", "coordinates": [-8.243755762110212, 43.42657047580357]}, "properties": {"OBJECTID": 14, "CONCELLO": "Ares", "TIPO": "PL", "category": "policia_local", "source_layer": "Policía local e vixiantes municipais"}}, {"type": "Feature", "id": 15, "geometry": {"type": "Point", "coordinates": [-8.650185847927162, 42.85945178137282]}, "properties": {"OBJECTID": 15, "CONCELLO": "Ames", "TIPO": "PL", "category": "policia_local", "source_layer": "Policía local e vixiantes municipais"}}, {"type": "Feature", "id": 16, "geometry": {"type": "Point", "coordinates": [-8.156810684340549, 43.50115901118318]}, "properties": {"OBJECTID": 16, "CONCELLO": "Neda", "TIPO": "PL", "category": "policia_local", "source_layer": "Policía local e vixiantes municipais"}}, {"type": "Feature", "id": 17, "geometry": {"type": "Point", "coordinates": [-8.344843192330313, 43.29260297222525]}, "properties": {"OBJECTID": 17, "CONCELLO": "Cambre", "TIPO": "PL", "category": "policia_local", "source_layer": "Policía local e vixiantes municipais"}}, {"type": "Feature", "id": 18, "geometry": {"type": "Point", "coordinates": [-8.736090595354243, 42.90977075901618]}, "properties": {"OBJECTID": 18, "CONCELLO": "Negreira", "TIPO": "PL", "category": "policia_local", "source_layer": "Policía local e vixiantes municipais"}}, {"type": "Feature", "id": 19, "geometry": {"type": "Point", "coordinates": [-8.887712759734196, 42.78505004392766]}, "properties": {"OBJECTID": 19, "CONCELLO": "Noia", "TIPO": "PL", "category": "policia_local", "source_layer": "Policía local e vixiantes municipais"}}, {"type": "Feature", "id": 20, "geometry": {"type": "Point", "coordinates": [-8.233097851829381, 43.484704122299]}, "properties": {"OBJECTID": 20, "CONCELLO": "Ferrol", "TIPO": "PL", "category": "policia_local", "source_layer": "Policía local e vixiantes municipais"}}, {"type": "Feature", "id": 21, "geometry": {"type": "Point", "coordinates": [-8.170569662216474, 43.40653030507941]}, "properties": {"OBJECTID": 21, "CONCELLO": "Pontedeume", "TIPO": "PL", "category": "policia_local", "source_layer": "Policía local e vixiantes municipais"}}, {"type": "Feature", "id": 22, "geometry": {"type": "Point", "coordinates": [-8.548979406356745, 42.79514274400703]}, "properties": {"OBJECTID": 22, "CONCELLO": "Teo", "TIPO": "PL", "category": "policia_local", "source_layer": "Policía local e vixiantes municipais"}}, {"type": "Feature", "id": 23, "geometry": {"type": "Point", "coordinates": [-8.73712313959437, 43.18745966788861]}, "properties": {"OBJECTID": 23, "CONCELLO": "Coristanco", "TIPO": "PL", "category": "policia_local", "source_layer": "Policía local e vixiantes municipais"}}, {"type": "Feature", "id": 24, "geometry": {"type": "Point", "coordinates": [-8.505108155972662, 43.30481422216578]}, "properties": {"OBJECTID": 24, "CONCELLO": "Arteixo", "TIPO": "PL", "category": "policia_local", "source_layer": "Policía local e vixiantes municipais"}}, {"type": "Feature", "id": 25, "geometry": {"type": "Point", "coordinates": [-8.908258377370029, 42.84283510133263]}, "properties": {"OBJECTID": 25, "CONCELLO": "Outes", "TIPO": "PL", "category": "policia_local", "source_layer": "Policía local e vixiantes municipais"}}, {"type": "Feature", "id": 26, "geometry": {"type": "Point", "coordinates": [-8.162055939006462, 43.41948041029687]}, "properties": {"OBJECTID": 26, "CONCELLO": "Cabanas", "TIPO": "PL", "category": "policia_local", "source_layer": "Policía local e vixiantes municipais"}}, {"type": "Feature", "id": 27, "geometry": {"type": "Point", "coordinates": [-8.689208497565984, 43.21352270931865]}, "properties": {"OBJECTID": 27, "CONCELLO": "Carballo", "TIPO": "PL", "category": "policia_local", "source_layer": "Policía local e vixiantes municipais"}}, {"type": "Feature", "id": 28, "geometry": {"type": "Point", "coordinates": [-8.317162847900983, 43.33321697616807]}, "properties": {"OBJECTID": 28, "CONCELLO": "Oleiros", "TIPO": "PL", "category": "policia_local", "source_layer": "Policía local e vixiantes municipais"}}, {"type": "Feature", "id": 29, "geometry": {"type": "Point", "coordinates": [-8.16412881106856, 42.92701561402167]}, "properties": {"OBJECTID": 29, "CONCELLO": "Arzúa", "TIPO": "PL", "category": "policia_local", "source_layer": "Policía local e vixiantes municipais"}}, {"type": "Feature", "id": 30, "geometry": {"type": "Point", "coordinates": [-8.204822213612843, 43.34730218083501]}, "properties": {"OBJECTID": 30, "CONCELLO": "Miño", "TIPO": "PL", "category": "policia_local", "source_layer": "Policía local e vixiantes municipais"}}, {"type": "Feature", "id": 31, "geometry": {"type": "Point", "coordinates": [-8.818304012521331, 42.65189499550203]}, "properties": {"OBJECTID": 31, "CONCELLO": "Rianxo", "TIPO": "PL", "category": "policia_local", "source_layer": "Policía local e vixiantes municipais"}}, {"type": "Feature", "id": 32, "geometry": {"type": "Point", "coordinates": [-9.03441623807265, 43.11030511755946]}, "properties": {"OBJECTID": 32, "CONCELLO": "Vimianzo", "TIPO": "PL", "category": "policia_local", "source_layer": "Policía local e vixiantes municipais"}}, {"type": "Feature", "id": 33, "geometry": {"type": "Point", "coordinates": [-8.253592923308533, 43.351531370419046]}, "properties": {"OBJECTID": 33, "CONCELLO": "Sada", "TIPO": "PL", "category": "policia_local", "source_layer": "Policía local e vixiantes municipais"}}, {"type": "Feature", "id": 34, "geometry": {"type": "Point", "coordinates": [-8.582181089729476, 43.24859053862736]}, "properties": {"OBJECTID": 34, "CONCELLO": "A Laracha", "TIPO": "PL", "category": "policia_local", "source_layer": "Policía local e vixiantes municipais"}}, {"type": "Feature", "id": 35, "geometry": {"type": "Point", "coordinates": [-9.262285541654231, 42.909097816549455]}, "properties": {"OBJECTID": 35, "CONCELLO": "Fisterra", "TIPO": "PL", "category": "policia_local", "source_layer": "Policía local e vixiantes municipais"}}, {"type": "Feature", "id": 36, "geometry": {"type": "Point", "coordinates": [-8.916159784286103, 43.09972791263078]}, "properties": {"OBJECTID": 36, "CONCELLO": "Zas", "TIPO": "PL", "category": "policia_local", "source_layer": "Policía local e vixiantes municipais"}}, {"type": "Feature", "id": 38, "geometry": {"type": "Point", "coordinates": [-8.255076901187863, 43.46049229210851]}, "properties": {"OBJECTID": 38, "CONCELLO": "Mugardos", "TIPO": "PL", "category": "policia_local", "source_layer": "Policía local e vixiantes municipais"}}, {"type": "Feature", "id": 39, "geometry": {"type": "Point", "coordinates": [-8.820170256468769, 43.0366230772485]}, "properties": {"OBJECTID": 39, "CONCELLO": "Santa Comba", "TIPO": "PL", "category": "policia_local", "source_layer": "Policía local e vixiantes municipais"}}, {"type": "Feature", "id": 40, "geometry": {"type": "Point", "coordinates": [-8.288980996439006, 43.22721906570983]}, "properties": {"OBJECTID": 40, "CONCELLO": "Abegondo", "TIPO": "PL", "category": "policia_local", "source_layer": "Policía local e vixiantes municipais"}}, {"type": "Feature", "id": 41, "geometry": {"type": "Point", "coordinates": [-8.395826205402024, 43.37149173664387]}, "properties": {"OBJECTID": 41, "CONCELLO": "A Coruña", "TIPO": "PL", "category": "policia_local", "source_layer": "Policía local e vixiantes municipais"}}, {"type": "Feature", "id": 42, "geometry": {"type": "Point", "coordinates": [-8.678696055541314, 42.8661937041176]}, "properties": {"OBJECTID": 42, "CONCELLO": "Brión", "TIPO": "PL", "category": "policia_local", "source_layer": "Policía local e vixiantes municipais"}}, {"type": "Feature", "id": 43, "geometry": {"type": "Point", "coordinates": [-9.180734455392367, 43.13025974692027]}, "properties": {"OBJECTID": 43, "CONCELLO": "Camariñas", "TIPO": "PL", "category": "policia_local", "source_layer": "Policía local e vixiantes municipais"}}, {"type": "Feature", "id": 44, "geometry": {"type": "Point", "coordinates": [-8.389373122994135, 43.28833498507649]}, "properties": {"OBJECTID": 44, "CONCELLO": "Culleredo", "TIPO": "PL", "category": "policia_local", "source_layer": "Policía local e vixiantes municipais"}}, {"type": "Feature", "id": 45, "geometry": {"type": "Point", "coordinates": [-8.882602381944166, 42.646965179143486]}, "properties": {"OBJECTID": 45, "CONCELLO": "Boiro", "TIPO": "PL", "category": "policia_local", "source_layer": "Policía local e vixiantes municipais"}}, {"type": "Feature", "id": 46, "geometry": {"type": "Point", "coordinates": [-8.211516842735955, 43.281156484730644]}, "properties": {"OBJECTID": 46, "CONCELLO": "Betanzos", "TIPO": "PL", "category": "policia_local", "source_layer": "Policía local e vixiantes municipais"}}, {"type": "Feature", "id": 47, "geometry": {"type": "Point", "coordinates": [-8.407860589253103, 43.076744282396305]}, "properties": {"OBJECTID": 47, "CONCELLO": "Ordes", "TIPO": "PL", "category": "policia_local", "source_layer": "Policía local e vixiantes municipais"}}, {"type": "Feature", "id": 48, "geometry": {"type": "Point", "coordinates": [-9.006353505388969, 42.72456260784235]}, "properties": {"OBJECTID": 48, "CONCELLO": "Porto do Son", "TIPO": "PL", "category": "policia_local", "source_layer": "Policía local e vixiantes municipais"}}, {"type": "Feature", "id": 49, "geometry": {"type": "Point", "coordinates": [-8.66047970735375, 42.73837203285284]}, "properties": {"OBJECTID": 49, "CONCELLO": "Padrón", "TIPO": "PL", "category": "policia_local", "source_layer": "Policía local e vixiantes municipais"}}, {"type": "Feature", "id": 50, "geometry": {"type": "Point", "coordinates": [-8.47087632867111, 43.18895477927611]}, "properties": {"OBJECTID": 50, "CONCELLO": "Cerceda", "TIPO": "PL", "category": "policia_local", "source_layer": "Policía local e vixiantes municipais"}}, {"type": "Feature", "id": 51, "geometry": {"type": "Point", "coordinates": [-7.039333835848088, 43.536331092835745]}, "properties": {"OBJECTID": 51, "CONCELLO": "Ribadeo", "TIPO": "PL", "category": "policia_local", "source_layer": "Policía local e vixiantes municipais"}}, {"type": "Feature", "id": 52, "geometry": {"type": "Point", "coordinates": [-7.555650105794554, 43.01002420640162]}, "properties": {"OBJECTID": 52, "CONCELLO": "Lugo", "TIPO": "PL", "category": "policia_local", "source_layer": "Policía local e vixiantes municipais"}}, {"type": "Feature", "id": 53, "geometry": {"type": "Point", "coordinates": [-7.595189223545516, 43.66212214369151]}, "properties": {"OBJECTID": 53, "CONCELLO": "Viveiro", "TIPO": "PL", "category": "policia_local", "source_layer": "Policía local e vixiantes municipais"}}, {"type": "Feature", "id": 54, "geometry": {"type": "Point", "coordinates": [-7.416210901912655, 42.77699617641787]}, "properties": {"OBJECTID": 54, "CONCELLO": "Sarria", "TIPO": "PL", "category": "policia_local", "source_layer": "Policía local e vixiantes municipais"}}, {"type": "Feature", "id": 55, "geometry": {"type": "Point", "coordinates": [-7.894210029114114, 43.18084165710987]}, "properties": {"OBJECTID": 55, "CONCELLO": "Guitiriz", "TIPO": "PL", "category": "policia_local", "source_layer": "Policía local e vixiantes municipais"}}, {"type": "Feature", "id": 56, "geometry": {"type": "Point", "coordinates": [-7.86936112243995, 42.87317068860527]}, "properties": {"OBJECTID": 56, "CONCELLO": "Palas de Rei", "TIPO": "PL", "category": "policia_local", "source_layer": "Policía local e vixiantes municipais"}}, {"type": "Feature", "id": 57, "geometry": {"type": "Point", "coordinates": [-7.357871095891815, 43.65906905417796]}, "properties": {"OBJECTID": 57, "CONCELLO": "Burela", "TIPO": "PL", "category": "policia_local", "source_layer": "Policía local e vixiantes municipais"}}, {"type": "Feature", "id": 58, "geometry": {"type": "Point", "coordinates": [-7.509302304509893, 43.68629806203183]}, "properties": {"OBJECTID": 58, "CONCELLO": "Xove", "TIPO": "VX", "category": "policia_local", "source_layer": "Policía local e vixiantes municipais"}}, {"type": "Feature", "id": 59, "geometry": {"type": "Point", "coordinates": [-7.4112509911541355, 43.671577100805074]}, "properties": {"OBJECTID": 59, "CONCELLO": "Cervo", "TIPO": "PL", "category": "policia_local", "source_layer": "Policía local e vixiantes municipais"}}, {"type": "Feature", "id": 60, "geometry": {"type": "Point", "coordinates": [-7.272712855533842, 42.47602538206455]}, "properties": {"OBJECTID": 60, "CONCELLO": "Quiroga", "TIPO": "PL", "category": "policia_local", "source_layer": "Policía local e vixiantes municipais"}}, {"type": "Feature", "id": 61, "geometry": {"type": "Point", "coordinates": [-7.259802668480937, 43.56846535084639]}, "properties": {"OBJECTID": 61, "CONCELLO": "Foz", "TIPO": "PL", "category": "policia_local", "source_layer": "Policía local e vixiantes municipais"}}, {"type": "Feature", "id": 62, "geometry": {"type": "Point", "coordinates": [-7.069242450061542, 43.12539083460702]}, "properties": {"OBJECTID": 62, "CONCELLO": "A Fonsagrada", "TIPO": "PL", "category": "policia_local", "source_layer": "Policía local e vixiantes municipais"}}, {"type": "Feature", "id": 63, "geometry": {"type": "Point", "coordinates": [-7.161448279518583, 42.85308801639267]}, "properties": {"OBJECTID": 63, "CONCELLO": "Becerreá", "TIPO": "VX", "category": "policia_local", "source_layer": "Policía local e vixiantes municipais"}}, {"type": "Feature", "id": 64, "geometry": {"type": "Point", "coordinates": [-7.680547339754546, 43.297068137546134]}, "properties": {"OBJECTID": 64, "CONCELLO": "Vilalba", "TIPO": "PL", "category": "policia_local", "source_layer": "Policía local e vixiantes municipais"}}, {"type": "Feature", "id": 65, "geometry": {"type": "Point", "coordinates": [-7.622358606735481, 43.12076514492655]}, "properties": {"OBJECTID": 65, "CONCELLO": "Rábade", "TIPO": "PL", "category": "policia_local", "source_layer": "Policía local e vixiantes municipais"}}, {"type": "Feature", "id": 66, "geometry": {"type": "Point", "coordinates": [-7.363689639777793, 43.429775349664425]}, "properties": {"OBJECTID": 66, "CONCELLO": "Mondoñedo", "TIPO": "PL", "category": "policia_local", "source_layer": "Policía local e vixiantes municipais"}}, {"type": "Feature", "id": 67, "geometry": {"type": "Point", "coordinates": [-7.437268151962243, 41.938389616069344]}, "properties": {"OBJECTID": 67, "CONCELLO": "Verín", "TIPO": "PL", "category": "policia_local", "source_layer": "Policía local e vixiantes municipais"}}, {"type": "Feature", "id": 68, "geometry": {"type": "Point", "coordinates": [-7.88750802554495, 42.29911575921539]}, "properties": {"OBJECTID": 68, "CONCELLO": "Barbadás", "TIPO": "PL", "category": "policia_local", "source_layer": "Policía local e vixiantes municipais"}}, {"type": "Feature", "id": 69, "geometry": {"type": "Point", "coordinates": [-7.724830592598278, 42.06365194865063]}, "properties": {"OBJECTID": 69, "CONCELLO": "Xinzo de Limia", "TIPO": "PL", "category": "policia_local", "source_layer": "Policía local e vixiantes municipais"}}, {"type": "Feature", "id": 70, "geometry": {"type": "Point", "coordinates": [-7.957725502603706, 42.151987495664144]}, "properties": {"OBJECTID": 70, "CONCELLO": "Celanova", "TIPO": "PL", "category": "policia_local", "source_layer": "Policía local e vixiantes municipais"}}, {"type": "Feature", "id": 71, "geometry": {"type": "Point", "coordinates": [-7.863873341283873, 42.3354300034224]}, "properties": {"OBJECTID": 71, "CONCELLO": "Ourense", "TIPO": "PL", "category": "policia_local", "source_layer": "Policía local e vixiantes municipais"}}, {"type": "Feature", "id": 72, "geometry": {"type": "Point", "coordinates": [-7.6508984409461736, 42.269962079014135]}, "properties": {"OBJECTID": 72, "CONCELLO": "Maceda", "TIPO": "PL", "category": "policia_local", "source_layer": "Policía local e vixiantes municipais"}}, {"type": "Feature", "id": 73, "geometry": {"type": "Point", "coordinates": [-8.251523371299562, 42.37600908430694]}, "properties": {"OBJECTID": 73, "CONCELLO": "Avión", "TIPO": "VX", "category": "policia_local", "source_layer": "Policía local e vixiantes municipais"}}, {"type": "Feature", "id": 74, "geometry": {"type": "Point", "coordinates": [-7.801545484147919, 42.190167333540614]}, "properties": {"OBJECTID": 74, "CONCELLO": "Allariz", "TIPO": "PL", "category": "policia_local", "source_layer": "Policía local e vixiantes municipais"}}, {"type": "Feature", "id": 75, "geometry": {"type": "Point", "coordinates": [-8.077471697867212, 42.42963771676663]}, "properties": {"OBJECTID": 75, "CONCELLO": "O Carballiño", "TIPO": "PL", "category": "policia_local", "source_layer": "Policía local e vixiantes municipais"}}, {"type": "Feature", "id": 76, "geometry": {"type": "Point", "coordinates": [-7.25197929946712, 42.340724585863875]}, "properties": {"OBJECTID": 76, "CONCELLO": "A Pobra de Trives", "TIPO": "PL", "category": "policia_local", "source_layer": "Policía local e vixiantes municipais"}}, {"type": "Feature", "id": 77, "geometry": {"type": "Point", "coordinates": [-7.975326308426854, 42.031659130625684]}, "properties": {"OBJECTID": 77, "CONCELLO": "Bande", "TIPO": "VX", "category": "policia_local", "source_layer": "Policía local e vixiantes municipais"}}, {"type": "Feature", "id": 78, "geometry": {"type": "Point", "coordinates": [-8.143486765339421, 42.28770544049115]}, "properties": {"OBJECTID": 78, "CONCELLO": "Ribadavia", "TIPO": "PL", "category": "policia_local", "source_layer": "Policía local e vixiantes municipais"}}, {"type": "Feature", "id": 79, "geometry": {"type": "Point", "coordinates": [-7.114885342404441, 42.180340931184126]}, "properties": {"OBJECTID": 79, "CONCELLO": "Viana do Bolo", "TIPO": "PL", "category": "policia_local", "source_layer": "Policía local e vixiantes municipais"}}, {"type": "Feature", "id": 80, "geometry": {"type": "Point", "coordinates": [-6.984694669126643, 42.416528491727]}, "properties": {"OBJECTID": 80, "CONCELLO": "O Barco de Valdeorras", "TIPO": "PL", "category": "policia_local", "source_layer": "Policía local e vixiantes municipais"}}, {"type": "Feature", "id": 81, "geometry": {"type": "Point", "coordinates": [-7.415364936913433, 42.37450798953366]}, "properties": {"OBJECTID": 81, "CONCELLO": "Castro Caldelas", "TIPO": "VX", "category": "policia_local", "source_layer": "Policía local e vixiantes municipais"}}, {"type": "Feature", "id": 82, "geometry": {"type": "Point", "coordinates": [-8.781870861876225, 42.44430274832]}, "properties": {"OBJECTID": 82, "CONCELLO": "Meaño", "TIPO": "PL", "category": "policia_local", "source_layer": "Policía local e vixiantes municipais"}}, {"type": "Feature", "id": 83, "geometry": {"type": "Point", "coordinates": [-8.169886333094404, 42.79406110382852]}, "properties": {"OBJECTID": 83, "CONCELLO": "Vila de Cruces", "TIPO": "PL", "category": "policia_local", "source_layer": "Policía local e vixiantes municipais"}}, {"type": "Feature", "id": 84, "geometry": {"type": "Point", "coordinates": [-8.638167353001057, 42.359698329681194]}, "properties": {"OBJECTID": 84, "CONCELLO": "Vilaboa", "TIPO": "PL", "category": "policia_local", "source_layer": "Policía local e vixiantes municipais"}}, {"type": "Feature", "id": 85, "geometry": {"type": "Point", "coordinates": [-8.41545270864003, 42.08843979137274]}, "properties": {"OBJECTID": 85, "CONCELLO": "As Neves", "TIPO": "PL", "category": "policia_local", "source_layer": "Policía local e vixiantes municipais"}}, {"type": "Feature", "id": 86, "geometry": {"type": "Point", "coordinates": [-8.222985297192526, 42.15195809575521]}, "properties": {"OBJECTID": 86, "CONCELLO": "Crecente", "TIPO": "VX", "category": "policia_local", "source_layer": "Policía local e vixiantes municipais"}}, {"type": "Feature", "id": 87, "geometry": {"type": "Point", "coordinates": [-8.64685814759718, 42.4319942373119]}, "properties": {"OBJECTID": 87, "CONCELLO": "Pontevedra", "TIPO": "PL", "category": "policia_local", "source_layer": "Policía local e vixiantes municipais"}}, {"type": "Feature", "id": 88, "geometry": {"type": "Point", "coordinates": [-8.557751539000146, 42.102277645374855]}, "properties": {"OBJECTID": 88, "CONCELLO": "Salceda de Caselas", "TIPO": "PL", "category": "policia_local", "source_layer": "Policía local e vixiantes municipais"}}, {"type": "Feature", "id": 89, "geometry": {"type": "Point", "coordinates": [-8.763578925603973, 42.59725132319411]}, "properties": {"OBJECTID": 89, "CONCELLO": "Vilagarcía de Arousa", "TIPO": "PL", "category": "policia_local", "source_layer": "Policía local e vixiantes municipais"}}, {"type": "Feature", "id": 90, "geometry": {"type": "Point", "coordinates": [-8.865308636532854, 42.49647442075658]}, "properties": {"OBJECTID": 90, "CONCELLO": "O Grove", "TIPO": "PL", "category": "policia_local", "source_layer": "Policía local e vixiantes municipais"}}, {"type": "Feature", "id": 91, "geometry": {"type": "Point", "coordinates": [-8.648571105177222, 42.69960890451924]}, "properties": {"OBJECTID": 91, "CONCELLO": "Valga", "TIPO": "VX", "category": "policia_local", "source_layer": "Policía local e vixiantes municipais"}}, {"type": "Feature", "id": 92, "geometry": {"type": "Point", "coordinates": [-8.784707626348366, 42.32666959642807]}, "properties": {"OBJECTID": 92, "CONCELLO": "Bueu", "TIPO": "PL", "category": "policia_local", "source_layer": "Policía local e vixiantes municipais"}}, {"type": "Feature", "id": 93, "geometry": {"type": "Point", "coordinates": [-8.488950516079143, 42.68848982688643]}, "properties": {"OBJECTID": 93, "CONCELLO": "A Estrada", "TIPO": "PL", "category": "policia_local", "source_layer": "Policía local e vixiantes municipais"}}, {"type": "Feature", "id": 94, "geometry": {"type": "Point", "coordinates": [-8.806614648567644, 42.40033468596889]}, "properties": {"OBJECTID": 94, "CONCELLO": "Sanxenxo", "TIPO": "PL", "category": "policia_local", "source_layer": "Policía local e vixiantes municipais"}}, {"type": "Feature", "id": 95, "geometry": {"type": "Point", "coordinates": [-8.806685073283417, 42.14153011010763]}, "properties": {"OBJECTID": 95, "CONCELLO": "Nigrán", "TIPO": "PL", "category": "policia_local", "source_layer": "Policía local e vixiantes municipais"}}, {"type": "Feature", "id": 96, "geometry": {"type": "Point", "coordinates": [-8.018998682415658, 42.76260022766284]}, "properties": {"OBJECTID": 96, "CONCELLO": "Agolada", "TIPO": "VX", "category": "policia_local", "source_layer": "Policía local e vixiantes municipais"}}, {"type": "Feature", "id": 97, "geometry": {"type": "Point", "coordinates": [-8.826750275369218, 42.56207578143574]}, "properties": {"OBJECTID": 97, "CONCELLO": "Vilanova de Arousa", "TIPO": "PL", "category": "policia_local", "source_layer": "Policía local e vixiantes municipais"}}, {"type": "Feature", "id": 98, "geometry": {"type": "Point", "coordinates": [-8.640173584468535, 42.191312581125636]}, "properties": {"OBJECTID": 98, "CONCELLO": "Mos", "TIPO": "PL", "category": "policia_local", "source_layer": "Policía local e vixiantes municipais"}}, {"type": "Feature", "id": 99, "geometry": {"type": "Point", "coordinates": [-8.698975183646668, 42.392732037285995]}, "properties": {"OBJECTID": 99, "CONCELLO": "Marín", "TIPO": "PL", "category": "policia_local", "source_layer": "Policía local e vixiantes municipais"}}, {"type": "Feature", "id": 100, "geometry": {"type": "Point", "coordinates": [-8.873919379958929, 42.56382565683734]}, "properties": {"OBJECTID": 100, "CONCELLO": "A Illa de Arousa", "TIPO": "PL", "category": "policia_local", "source_layer": "Policía local e vixiantes municipais"}}, {"type": "Feature", "id": 101, "geometry": {"type": "Point", "coordinates": [-8.837461966615521, 41.93716806998537]}, "properties": {"OBJECTID": 101, "CONCELLO": "O Rosal", "TIPO": "PL", "category": "policia_local", "source_layer": "Policía local e vixiantes municipais"}}, {"type": "Feature", "id": 102, "geometry": {"type": "Point", "coordinates": [-8.642194444628467, 42.60253674727302]}, "properties": {"OBJECTID": 102, "CONCELLO": "Caldas de Reis", "TIPO": "PL", "category": "policia_local", "source_layer": "Policía local e vixiantes municipais"}}, {"type": "Feature", "id": 103, "geometry": {"type": "Point", "coordinates": [-8.273447652530274, 42.21265563960573]}, "properties": {"OBJECTID": 103, "CONCELLO": "A Cañiza", "TIPO": "PL", "category": "policia_local", "source_layer": "Policía local e vixiantes municipais"}}, {"type": "Feature", "id": 104, "geometry": {"type": "Point", "coordinates": [-8.726722421637218, 42.23630635658614]}, "properties": {"OBJECTID": 104, "CONCELLO": "Vigo", "TIPO": "PL", "category": "policia_local", "source_layer": "Policía local e vixiantes municipais"}}, {"type": "Feature", "id": 105, "geometry": {"type": "Point", "coordinates": [-8.590791993970548, 42.58921827210398]}, "properties": {"OBJECTID": 105, "CONCELLO": "Moraña", "TIPO": "VX", "category": "policia_local", "source_layer": "Policía local e vixiantes municipais"}}, {"type": "Feature", "id": 106, "geometry": {"type": "Point", "coordinates": [-8.116637684067008, 42.66057645657419]}, "properties": {"OBJECTID": 106, "CONCELLO": "Lalín", "TIPO": "PL", "category": "policia_local", "source_layer": "Policía local e vixiantes municipais"}}, {"type": "Feature", "id": 107, "geometry": {"type": "Point", "coordinates": [-8.503131322975243, 42.17349125601144]}, "properties": {"OBJECTID": 107, "CONCELLO": "Ponteareas", "TIPO": "PL", "category": "policia_local", "source_layer": "Policía local e vixiantes municipais"}}, {"type": "Feature", "id": 108, "geometry": {"type": "Point", "coordinates": [-8.733293083058792, 42.287235821235626]}, "properties": {"OBJECTID": 108, "CONCELLO": "Moaña", "TIPO": "PL", "category": "policia_local", "source_layer": "Policía local e vixiantes municipais"}}, {"type": "Feature", "id": 109, "geometry": {"type": "Point", "coordinates": [-8.571905709640639, 42.33683209851077]}, "properties": {"OBJECTID": 109, "CONCELLO": "Soutomaior", "TIPO": "PL", "category": "policia_local", "source_layer": "Policía local e vixiantes municipais"}}, {"type": "Feature", "id": 110, "geometry": {"type": "Point", "coordinates": [-8.814560070939299, 42.51536089620634]}, "properties": {"OBJECTID": 110, "CONCELLO": "Cambados", "TIPO": "PL", "category": "policia_local", "source_layer": "Policía local e vixiantes municipais"}}, {"type": "Feature", "id": 111, "geometry": {"type": "Point", "coordinates": [-8.742807643737853, 41.99126975617442]}, "properties": {"OBJECTID": 111, "CONCELLO": "Tomiño", "TIPO": "PL", "category": "policia_local", "source_layer": "Policía local e vixiantes municipais"}}, {"type": "Feature", "id": 112, "geometry": {"type": "Point", "coordinates": [-8.81115679362187, 43.32280871957572]}, "properties": {"OBJECTID": 112, "CONCELLO": "Malpica de Bergantiños", "TIPO": "PL", "category": "policia_local", "source_layer": "Policía local e vixiantes municipais"}}, {"type": "Feature", "id": 113, "geometry": {"type": "Point", "coordinates": [-7.11409490270725, 42.39505164988561]}, "properties": {"OBJECTID": 113, "CONCELLO": "A Rúa", "TIPO": "PL", "category": "policia_local", "source_layer": "Policía local e vixiantes municipais"}}, {"type": "Feature", "id": 114, "geometry": {"type": "Point", "coordinates": [-7.854612716971684, 43.684682155476125]}, "properties": {"OBJECTID": 114, "CONCELLO": "Ortigueira", "TIPO": "PL", "category": "policia_local", "source_layer": "Policía local e vixiantes municipais"}}, {"type": "Feature", "id": 115, "geometry": {"type": "Point", "coordinates": [-7.852955451943299, 43.450934980923236]}, "properties": {"OBJECTID": 115, "CONCELLO": "As Pontes de García Rodríguez", "TIPO": "PL", "category": "policia_local", "source_layer": "Policía local e vixiantes municipais"}}, {"type": "Feature", "id": 116, "geometry": {"type": "Point", "coordinates": [-8.162685858276161, 43.47394217899775]}, "properties": {"OBJECTID": 116, "CONCELLO": "Fene", "TIPO": "PL", "category": "policia_local", "source_layer": "Policía local e vixiantes municipais"}}, {"type": "Feature", "id": 117, "geometry": {"type": "Point", "coordinates": [-8.19238463726913, 43.50094424523864]}, "properties": {"OBJECTID": 117, "CONCELLO": "Narón", "TIPO": "PL", "category": "policia_local", "source_layer": "Policía local e vixiantes municipais"}}, {"type": "Feature", "id": 118, "geometry": {"type": "Point", "coordinates": [-9.216831863484819, 43.104389920114954]}, "properties": {"OBJECTID": 118, "CONCELLO": "Muxía", "TIPO": "PL", "category": "policia_local", "source_layer": "Policía local e vixiantes municipais"}}, {"type": "Feature", "id": 119, "geometry": {"type": "Point", "coordinates": [-9.086978148383094, 42.820925033270896]}, "properties": {"OBJECTID": 119, "CONCELLO": "Carnota", "TIPO": "PL", "category": "policia_local", "source_layer": "Policía local e vixiantes municipais"}}, {"type": "Feature", "id": 120, "geometry": {"type": "Point", "coordinates": [-9.057502630622235, 42.77441777084268]}, "properties": {"OBJECTID": 120, "CONCELLO": "Muros", "TIPO": "PL", "category": "policia_local", "source_layer": "Policía local e vixiantes municipais"}}, {"type": "Feature", "id": 121, "geometry": {"type": "Point", "coordinates": [-8.651041492379282, 42.72180749170989]}, "properties": {"OBJECTID": 121, "CONCELLO": "Pontecesures", "TIPO": "VX", "category": "policia_local", "source_layer": "Policía local e vixiantes municipais"}}, {"type": "Feature", "id": 122, "geometry": {"type": "Point", "coordinates": [-8.563014868340177, 42.63282883015061]}, "properties": {"OBJECTID": 122, "CONCELLO": "Cuntis", "TIPO": "PL", "category": "policia_local", "source_layer": "Policía local e vixiantes municipais"}}, {"type": "Feature", "id": 123, "geometry": {"type": "Point", "coordinates": [-8.517416977754857, 43.02653158748978]}, "properties": {"OBJECTID": 123, "CONCELLO": "Trazo", "TIPO": "VX", "category": "policia_local", "source_layer": "Policía local e vixiantes municipais"}}, {"type": "Feature", "id": 124, "geometry": {"type": "Point", "coordinates": [-8.441764709705543, 42.96878723231278]}, "properties": {"OBJECTID": 124, "CONCELLO": "Oroso", "TIPO": "PL", "category": "policia_local", "source_layer": "Policía local e vixiantes municipais"}}, {"type": "Feature", "id": 125, "geometry": {"type": "Point", "coordinates": [-8.546207619197899, 42.88029498960343]}, "properties": {"OBJECTID": 125, "CONCELLO": "Santiago de Compostela", "TIPO": "PL", "category": "policia_local", "source_layer": "Policía local e vixiantes municipais"}}, {"type": "Feature", "id": 126, "geometry": {"type": "Point", "coordinates": [-8.248115495603747, 42.69769473445086]}, "properties": {"OBJECTID": 126, "CONCELLO": "Silleda", "TIPO": "PL", "category": "policia_local", "source_layer": "Policía local e vixiantes municipais"}}, {"type": "Feature", "id": 128, "geometry": {"type": "Point", "coordinates": [-7.768768642258406, 42.60747068006223]}, "properties": {"OBJECTID": 128, "CONCELLO": "Chantada", "TIPO": "PL", "category": "policia_local", "source_layer": "Policía local e vixiantes municipais"}}, {"type": "Feature", "id": 129, "geometry": {"type": "Point", "coordinates": [-7.516907374115288, 42.522806984860146]}, "properties": {"OBJECTID": 129, "CONCELLO": "Monforte de Lemos", "TIPO": "PL", "category": "policia_local", "source_layer": "Policía local e vixiantes municipais"}}, {"type": "Feature", "id": 130, "geometry": {"type": "Point", "coordinates": [-8.685821293720075, 42.44615637669082]}, "properties": {"OBJECTID": 130, "CONCELLO": "Poio", "TIPO": "PL", "category": "policia_local", "source_layer": "Policía local e vixiantes municipais"}}, {"type": "Feature", "id": 131, "geometry": {"type": "Point", "coordinates": [-8.50321821960072, 42.39081136476676]}, "properties": {"OBJECTID": 131, "CONCELLO": "Ponte Caldelas", "TIPO": "PL", "category": "policia_local", "source_layer": "Policía local e vixiantes municipais"}}, {"type": "Feature", "id": 132, "geometry": {"type": "Point", "coordinates": [-8.6090676537396, 42.283720213207644]}, "properties": {"OBJECTID": 132, "CONCELLO": "Redondela", "TIPO": "PL", "category": "policia_local", "source_layer": "Policía local e vixiantes municipais"}}, {"type": "Feature", "id": 133, "geometry": {"type": "Point", "coordinates": [-8.780431772270292, 42.26367883667833]}, "properties": {"OBJECTID": 133, "CONCELLO": "Cangas", "TIPO": "PL", "category": "policia_local", "source_layer": "Policía local e vixiantes municipais"}}, {"type": "Feature", "id": 134, "geometry": {"type": "Point", "coordinates": [-8.455356739721951, 42.23447388619847]}, "properties": {"OBJECTID": 134, "CONCELLO": "Mondariz", "TIPO": "PL", "category": "policia_local", "source_layer": "Policía local e vixiantes municipais"}}, {"type": "Feature", "id": 135, "geometry": {"type": "Point", "coordinates": [-8.498229086176947, 42.083342435332796]}, "properties": {"OBJECTID": 135, "CONCELLO": "Salvaterra de Miño", "TIPO": "PL", "category": "policia_local", "source_layer": "Policía local e vixiantes municipais"}}, {"type": "Feature", "id": 136, "geometry": {"type": "Point", "coordinates": [-8.849453649870062, 42.119170613486446]}, "properties": {"OBJECTID": 136, "CONCELLO": "Baiona", "TIPO": "PL", "category": "policia_local", "source_layer": "Policía local e vixiantes municipais"}}, {"type": "Feature", "id": 137, "geometry": {"type": "Point", "coordinates": [-8.761582903646545, 42.11057641972056]}, "properties": {"OBJECTID": 137, "CONCELLO": "Gondomar", "TIPO": "PL", "category": "policia_local", "source_layer": "Policía local e vixiantes municipais"}}, {"type": "Feature", "id": 138, "geometry": {"type": "Point", "coordinates": [-8.620771965812743, 42.16180262505499]}, "properties": {"OBJECTID": 138, "CONCELLO": "O Porriño", "TIPO": "PL", "category": "policia_local", "source_layer": "Policía local e vixiantes municipais"}}, {"type": "Feature", "id": 139, "geometry": {"type": "Point", "coordinates": [-8.644246396222325, 42.04650167903047]}, "properties": {"OBJECTID": 139, "CONCELLO": "Tui", "TIPO": "PL", "category": "policia_local", "source_layer": "Policía local e vixiantes municipais"}}, {"type": "Feature", "id": 140, "geometry": {"type": "Point", "coordinates": [-8.874225845662396, 41.9011150988663]}, "properties": {"OBJECTID": 140, "CONCELLO": "A Guarda", "TIPO": "PL", "category": "policia_local", "source_layer": "Policía local e vixiantes municipais"}}, {"type": "Feature", "id": 1, "geometry": null, "properties": {"DIRECCION": "Rúa Roma 25-27, Polígono das Fontiñas - 15703 Santiago de Compostela", "OBJECTID": 1, "NOME": "Santiago de Compostela", "TELEFONO": "981 546 474", "CORREO": "galipol.xefatura@xunta.gal / galipol.sala@xunta.gal", "category": "upa", "source_layer": "Unidade Policía Adscrita"}}, {"type": "Feature", "id": 2, "geometry": null, "properties": {"DIRECCION": "Avenida do Porto 5, 15006 A Coruña", "OBJECTID": 2, "NOME": "A Coruña", "TELEFONO": "881 961 000", "CORREO": "galipol.xpco@xunta.gal", "category": "upa", "source_layer": "Unidade Policía Adscrita"}}, {"type": "Feature", "id": 3, "geometry": null, "properties": {"DIRECCION": "Ronda Fingoi - Esq. Avda. Madrid", "OBJECTID": 3, "NOME": "Lugo", "TELEFONO": "982 252 611", "CORREO": "galipol.xplu@xunta.gal", "category": "upa", "source_layer": "Unidade Policía Adscrita"}}, {"type": "Feature", "id": 4, "geometry": null, "properties": {"DIRECCION": "Rúa Clara Campoamor, 15 B - 32002 Ourense", "OBJECTID": 4, "NOME": "Ourense", "TELEFONO": "988 241 200", "CORREO": "galipol.xpou@xunta.gal", "category": "upa", "source_layer": "Unidade Policía Adscrita"}}, {"type": "Feature", "id": 5, "geometry": null, "properties": {"DIRECCION": "Avda. Fernández Ladreda, 43", "OBJECTID": 5, "NOME": "Pontevedra", "TELEFONO": "886 206 142", "CORREO": "galipol.xppo@xunta.gal", "category": "upa", "source_layer": "Unidade Policía Adscrita"}}, {"type": "Feature", "id": 6, "geometry": null, "properties": {"DIRECCION": "Rúa Pateira, 7 interior", "OBJECTID": 6, "NOME": "Vigo", "TELEFONO": "986 266 158", "CORREO": "galipol.xlvi@xunta.gal", "category": "upa", "source_layer": "Unidade Policía Adscrita"}}, {"type": "Feature", "id": 27, "geometry": {"type": "Point", "coordinates": [-8.507188770410206, 43.31112013337578]}, "properties": {"OBJECTID": 27, "NOMESMPC": "Arteixo", "category": "smpc", "source_layer": "SMPC"}}, {"type": "Feature", "id": 28, "geometry": {"type": "Point", "coordinates": [-8.354474438126985, 43.28728145482588]}, "properties": {"OBJECTID": 28, "NOMESMPC": "Cambre", "category": "smpc", "source_layer": "SMPC"}}, {"type": "Feature", "id": 29, "geometry": {"type": "Point", "coordinates": [-8.292344399028257, 43.326056789265714]}, "properties": {"OBJECTID": 29, "NOMESMPC": "Sada", "category": "smpc", "source_layer": "SMPC"}}, {"type": "Feature", "id": 30, "geometry": {"type": "Point", "coordinates": [-8.881157014671363, 42.65958263601221]}, "properties": {"OBJECTID": 30, "NOMESMPC": "Boiro", "category": "smpc", "source_layer": "SMPC"}}, {"type": "Feature", "id": 31, "geometry": {"type": "Point", "coordinates": [-8.379752562723072, 43.32031504414958]}, "properties": {"OBJECTID": 31, "NOMESMPC": "Culleredo", "category": "smpc", "source_layer": "SMPC"}}, {"type": "Feature", "id": 32, "geometry": {"type": "Point", "coordinates": [-8.31603785355225, 43.32555150369067]}, "properties": {"OBJECTID": 32, "NOMESMPC": "Oleiros", "category": "smpc", "source_layer": "SMPC"}}, {"type": "Feature", "id": 33, "geometry": {"type": "Point", "coordinates": [-8.993202934569483, 42.55487164183597]}, "properties": {"OBJECTID": 33, "NOMESMPC": "Ribeira", "category": "smpc", "source_layer": "SMPC"}}, {"type": "Feature", "id": 34, "geometry": {"type": "Point", "coordinates": [-8.804927124715736, 43.03129028688232]}, "properties": {"OBJECTID": 34, "NOMESMPC": "Santa Comba", "category": "smpc", "source_layer": "SMPC"}}, {"type": "Feature", "id": 35, "geometry": {"type": "Point", "coordinates": [-8.537853981841803, 42.786419144025274]}, "properties": {"OBJECTID": 35, "NOMESMPC": "Teo", "category": "smpc", "source_layer": "SMPC"}}, {"type": "Feature", "id": 36, "geometry": {"type": "Point", "coordinates": [-7.590519421292436, 43.66738075285888]}, "properties": {"OBJECTID": 36, "NOMESMPC": "Viveiro", "category": "smpc", "source_layer": "SMPC"}}, {"type": "Feature", "id": 37, "geometry": {"type": "Point", "coordinates": [-7.680620853096861, 43.297260829601385]}, "properties": {"OBJECTID": 37, "NOMESMPC": "Vilalba", "category": "smpc", "source_layer": "SMPC"}}, {"type": "Feature", "id": 38, "geometry": {"type": "Point", "coordinates": [-8.063458313462764, 42.43446965115357]}, "properties": {"OBJECTID": 38, "NOMESMPC": "O Carballiño", "category": "smpc", "source_layer": "SMPC"}}, {"type": "Feature", "id": 39, "geometry": {"type": "Point", "coordinates": [-8.774029695709595, 42.52719442350573]}, "properties": {"OBJECTID": 39, "NOMESMPC": "Cambados", "category": "smpc", "source_layer": "SMPC"}}, {"type": "Feature", "id": 40, "geometry": {"type": "Point", "coordinates": [-8.612635765114655, 42.28287268769666]}, "properties": {"OBJECTID": 40, "NOMESMPC": "Redondela", "category": "smpc", "source_layer": "SMPC"}}, {"type": "Feature", "id": 41, "geometry": {"type": "Point", "coordinates": [-8.764867362642232, 42.58851496499945]}, "properties": {"OBJECTID": 41, "NOMESMPC": "Vilagarcía", "category": "smpc", "source_layer": "SMPC"}}, {"type": "Feature", "id": 474, "geometry": {"type": "Point", "coordinates": [-8.816333333602072, 42.14491654816043]}, "properties": {"OBJECTID": 474, "NOMEAVPC": "Val Miñor (Baiona, Nigrán e Gondomar)", "category": "avpc", "source_layer": "AVPC"}}, {"type": "Feature", "id": 475, "geometry": {"type": "Point", "coordinates": [-7.437924705574117, 43.54927461221607]}, "properties": {"OBJECTID": 475, "NOMEAVPC": "O Valadouro", "category": "avpc", "source_layer": "AVPC"}}, {"type": "Feature", "id": 476, "geometry": {"type": "Point", "coordinates": [-8.149631261360787, 43.59614125096488]}, "properties": {"OBJECTID": 476, "NOMEAVPC": "Valdoviño", "category": "avpc", "source_layer": "AVPC"}}, {"type": "Feature", "id": 477, "geometry": {"type": "Point", "coordinates": [-8.656138890149522, 42.70549987753828]}, "properties": {"OBJECTID": 477, "NOMEAVPC": "Valga", "category": "avpc", "source_layer": "AVPC"}}, {"type": "Feature", "id": 478, "geometry": {"type": "Point", "coordinates": [-8.443066926589747, 42.78827825304882]}, "properties": {"OBJECTID": 478, "NOMEAVPC": "Vedra", "category": "avpc", "source_layer": "AVPC"}}, {"type": "Feature", "id": 479, "geometry": {"type": "Point", "coordinates": [-7.02785229794004, 42.25205355075466]}, "properties": {"OBJECTID": 479, "NOMEAVPC": "A Veiga", "category": "avpc", "source_layer": "AVPC"}}, {"type": "Feature", "id": 480, "geometry": {"type": "Point", "coordinates": [-7.441151580791224, 41.93853631302313]}, "properties": {"OBJECTID": 480, "NOMEAVPC": "Verín", "category": "avpc", "source_layer": "AVPC"}}, {"type": "Feature", "id": 481, "geometry": {"type": "Point", "coordinates": [-7.109145945510354, 42.178398333874576]}, "properties": {"OBJECTID": 481, "NOMEAVPC": "Viana do Bolo", "category": "avpc", "source_layer": "AVPC"}}, {"type": "Feature", "id": 482, "geometry": {"type": "Point", "coordinates": [-7.671067449256631, 43.7335985220889]}, "properties": {"OBJECTID": 482, "NOMEAVPC": "O Vicedo", "category": "avpc", "source_layer": "AVPC"}}, {"type": "Feature", "id": 483, "geometry": {"type": "Point", "coordinates": [-8.730444444372134, 42.23313876764052]}, "properties": {"OBJECTID": 483, "NOMEAVPC": "Vigo", "category": "avpc", "source_layer": "AVPC"}}, {"type": "Feature", "id": 484, "geometry": {"type": "Point", "coordinates": [-8.172666668655031, 42.79372209719596]}, "properties": {"OBJECTID": 484, "NOMEAVPC": "Vila de Cruces", "category": "avpc", "source_layer": "AVPC"}}, {"type": "Feature", "id": 485, "geometry": {"type": "Point", "coordinates": [-8.635444444798932, 42.360388767399066]}, "properties": {"OBJECTID": 485, "NOMEAVPC": "Vilaboa", "category": "avpc", "source_layer": "AVPC"}}, {"type": "Feature", "id": 486, "geometry": {"type": "Point", "coordinates": [-8.764861111039169, 42.588583207525545]}, "properties": {"OBJECTID": 486, "NOMEAVPC": "Vilagarcía de Arousa", "category": "avpc", "source_layer": "AVPC"}}, {"type": "Feature", "id": 487, "geometry": {"type": "Point", "coordinates": [-7.680622432032088, 43.29726015897443]}, "properties": {"OBJECTID": 487, "NOMEAVPC": "Vilalba", "category": "avpc", "source_layer": "AVPC"}}, {"type": "Feature", "id": 488, "geometry": {"type": "Point", "coordinates": [-7.888484469461712, 42.46482686137794]}, "properties": {"OBJECTID": 488, "NOMEAVPC": "Vilamarín", "category": "avpc", "source_layer": "AVPC"}}, {"type": "Feature", "id": 489, "geometry": {"type": "Point", "coordinates": [-7.060860761361336, 42.414295967512516]}, "properties": {"OBJECTID": 489, "NOMEAVPC": "Vilamartín de Valdeorras", "category": "avpc", "source_layer": "AVPC"}}, {"type": "Feature", "id": 490, "geometry": {"type": "Point", "coordinates": [-8.825777778348485, 42.56022209725354]}, "properties": {"OBJECTID": 490, "NOMEAVPC": "Vilanova de Arousa", "category": "avpc", "source_layer": "AVPC"}}, {"type": "Feature", "id": 491, "geometry": {"type": "Point", "coordinates": [-7.6105990023686365, 42.16119443470582]}, "properties": {"OBJECTID": 491, "NOMEAVPC": "Vilar de Barrio", "category": "avpc", "source_layer": "AVPC"}}, {"type": "Feature", "id": 492, "geometry": {"type": "Point", "coordinates": [-7.794352445290074, 42.087376562224854]}, "properties": {"OBJECTID": 492, "NOMEAVPC": "Vilar de Santos", "category": "avpc", "source_layer": "AVPC"}}, {"type": "Feature", "id": 493, "geometry": {"type": "Point", "coordinates": [-7.311350290237562, 41.90611297727497]}, "properties": {"OBJECTID": 493, "NOMEAVPC": "Vilardevós", "category": "avpc", "source_layer": "AVPC"}}, {"type": "Feature", "id": 494, "geometry": {"type": "Point", "coordinates": [-7.181914591098407, 42.16588308684941]}, "properties": {"OBJECTID": 494, "NOMEAVPC": "Vilariño de Conso", "category": "avpc", "source_layer": "AVPC"}}, {"type": "Feature", "id": 495, "geometry": {"type": "Point", "coordinates": [-8.121729632686185, 43.071931616703814]}, "properties": {"OBJECTID": 495, "NOMEAVPC": "Vilasantar", "category": "avpc", "source_layer": "AVPC"}}, {"type": "Feature", "id": 496, "geometry": {"type": "Point", "coordinates": [-9.037017209174536, 43.11666065557992]}, "properties": {"OBJECTID": 496, "NOMEAVPC": "Vimianzo", "category": "avpc", "source_layer": "AVPC"}}, {"type": "Feature", "id": 497, "geometry": {"type": "Point", "coordinates": [-7.590520741281926, 43.66738042428818]}, "properties": {"OBJECTID": 497, "NOMEAVPC": "Viveiro", "category": "avpc", "source_layer": "AVPC"}}, {"type": "Feature", "id": 498, "geometry": {"type": "Point", "coordinates": [-7.813472766334825, 43.354777358880575]}, "properties": {"OBJECTID": 498, "NOMEAVPC": "Xermade", "category": "avpc", "source_layer": "AVPC"}}, {"type": "Feature", "id": 499, "geometry": {"type": "Point", "coordinates": [-7.724692786377619, 42.06371245372959]}, "properties": {"OBJECTID": 499, "NOMEAVPC": "Xinzo de Limia", "category": "avpc", "source_layer": "AVPC"}}, {"type": "Feature", "id": 500, "geometry": {"type": "Point", "coordinates": [-7.735275367695778, 42.204300782439034]}, "properties": {"OBJECTID": 500, "NOMEAVPC": "Xunqueira de Ambía", "category": "avpc", "source_layer": "AVPC"}}, {"type": "Feature", "id": 501, "geometry": {"type": "Point", "coordinates": [-7.631789881347738, 42.3185641499919]}, "properties": {"OBJECTID": 501, "NOMEAVPC": "Xunqueira de Espadanedo", "category": "avpc", "source_layer": "AVPC"}}, {"type": "Feature", "id": 502, "geometry": {"type": "Point", "coordinates": [-8.916308952127267, 43.10649583599772]}, "properties": {"OBJECTID": 502, "NOMEAVPC": "Zas", "category": "avpc", "source_layer": "AVPC"}}, {"type": "Feature", "id": 503, "geometry": {"type": "Point", "coordinates": [-8.629046391377175, 42.86975472879587]}, "properties": {"OBJECTID": 503, "NOMEAVPC": "Ames", "category": "avpc", "source_layer": "AVPC"}}, {"type": "Feature", "id": 504, "geometry": {"type": "Point", "coordinates": [-8.50657940708221, 43.31175845757213]}, "properties": {"OBJECTID": 504, "NOMEAVPC": "Arteixo", "category": "avpc", "source_layer": "AVPC"}}, {"type": "Feature", "id": 505, "geometry": {"type": "Point", "coordinates": [-8.14330249503302, 42.43161155807829]}, "properties": {"OBJECTID": 505, "NOMEAVPC": "Boborás", "category": "avpc", "source_layer": "AVPC"}}, {"type": "Feature", "id": 506, "geometry": {"type": "Point", "coordinates": [-8.67575906003301, 42.86160729925521]}, "properties": {"OBJECTID": 506, "NOMEAVPC": "Brión", "category": "avpc", "source_layer": "AVPC"}}, {"type": "Feature", "id": 507, "geometry": {"type": "Point", "coordinates": [-8.420801761079808, 43.34812189017919]}, "properties": {"OBJECTID": 507, "NOMEAVPC": "A Coruña", "category": "avpc", "source_layer": "AVPC"}}, {"type": "Feature", "id": 508, "geometry": {"type": "Point", "coordinates": [-8.14173522940058, 43.12531540461251]}, "properties": {"OBJECTID": 508, "NOMEAVPC": "Curtis", "category": "avpc", "source_layer": "AVPC"}}, {"type": "Feature", "id": 509, "geometry": {"type": "Point", "coordinates": [-8.865546984832609, 42.493396584396834]}, "properties": {"OBJECTID": 509, "NOMEAVPC": "Grove, O", "category": "avpc", "source_layer": "AVPC"}}, {"type": "Feature", "id": 510, "geometry": {"type": "Point", "coordinates": [-8.039587169623868, 41.98717654735894]}, "properties": {"OBJECTID": 510, "NOMEAVPC": "Lobeira", "category": "avpc", "source_layer": "AVPC"}}, {"type": "Feature", "id": 511, "geometry": {"type": "Point", "coordinates": [-8.025353615895353, 42.411708681751094]}, "properties": {"OBJECTID": 511, "NOMEAVPC": "Maside", "category": "avpc", "source_layer": "AVPC"}}, {"type": "Feature", "id": 512, "geometry": {"type": "Point", "coordinates": [-8.99102873854532, 42.933966010933155]}, "properties": {"OBJECTID": 512, "NOMEAVPC": "Mazaricos", "category": "avpc", "source_layer": "AVPC"}}, {"type": "Feature", "id": 513, "geometry": {"type": "Point", "coordinates": [-8.254997690106487, 43.46046971275632]}, "properties": {"OBJECTID": 513, "NOMEAVPC": "Mugardos", "category": "avpc", "source_layer": "AVPC"}}, {"type": "Feature", "id": 514, "geometry": {"type": "Point", "coordinates": [-9.068621594648588, 42.78838919496783]}, "properties": {"OBJECTID": 514, "NOMEAVPC": "Muros", "category": "avpc", "source_layer": "AVPC"}}, {"type": "Feature", "id": 515, "geometry": {"type": "Point", "coordinates": [-7.841964133077292, 43.669440039571]}, "properties": {"OBJECTID": 515, "NOMEAVPC": "Ortigueira", "category": "avpc", "source_layer": "AVPC"}}, {"type": "Feature", "id": 516, "geometry": {"type": "Point", "coordinates": [-8.658093216435125, 42.75790507787297]}, "properties": {"OBJECTID": 516, "NOMEAVPC": "Padrón", "category": "avpc", "source_layer": "AVPC"}}, {"type": "Feature", "id": 517, "geometry": {"type": "Point", "coordinates": [-8.86980004219981, 43.25453999861251]}, "properties": {"OBJECTID": 517, "NOMEAVPC": "Ponteceso", "category": "avpc", "source_layer": "AVPC"}}, {"type": "Feature", "id": 518, "geometry": {"type": "Point", "coordinates": [-7.984779435086101, 42.47495086399312]}, "properties": {"OBJECTID": 518, "NOMEAVPC": "San Cristovo de Cea", "category": "avpc", "source_layer": "AVPC"}}, {"type": "Feature", "id": 519, "geometry": {"type": "Point", "coordinates": [-8.828207488419707, 42.400434782459314]}, "properties": {"OBJECTID": 519, "NOMEAVPC": "Sanxenxo", "category": "avpc", "source_layer": "AVPC"}}, {"type": "Feature", "id": 520, "geometry": {"type": "Point", "coordinates": [-8.248034759046732, 42.69759175331336]}, "properties": {"OBJECTID": 520, "NOMEAVPC": "Silleda", "category": "avpc", "source_layer": "AVPC"}}, {"type": "Feature", "id": 521, "geometry": {"type": "Point", "coordinates": [-8.571279244948906, 42.33891052181798]}, "properties": {"OBJECTID": 521, "NOMEAVPC": "Soutomaior", "category": "avpc", "source_layer": "AVPC"}}, {"type": "Feature", "id": 522, "geometry": {"type": "Point", "coordinates": [-8.517662225934457, 43.02690386703396]}, "properties": {"OBJECTID": 522, "NOMEAVPC": "Trazo", "category": "avpc", "source_layer": "AVPC"}}, {"type": "Feature", "id": 523, "geometry": {"type": "Point", "coordinates": [-8.643386504256057, 42.050046861005114]}, "properties": {"OBJECTID": 523, "NOMEAVPC": "Tui", "category": "avpc", "source_layer": "AVPC"}}, {"type": "Feature", "id": 524, "geometry": {"type": "Point", "coordinates": [-8.288586310025844, 43.22735194873867]}, "properties": {"OBJECTID": 524, "NOMEAVPC": "Abegondo", "category": "avpc", "source_layer": "AVPC"}}, {"type": "Feature", "id": 525, "geometry": {"type": "Point", "coordinates": [-8.024833335005713, 42.77319431659265]}, "properties": {"OBJECTID": 525, "NOMEAVPC": "Agolada", "category": "avpc", "source_layer": "AVPC"}}, {"type": "Feature", "id": 526, "geometry": {"type": "Point", "coordinates": [-7.798935760966716, 42.188191669408404]}, "properties": {"OBJECTID": 526, "NOMEAVPC": "Allariz", "category": "avpc", "source_layer": "AVPC"}}, {"type": "Feature", "id": 527, "geometry": {"type": "Point", "coordinates": [-7.947087827146135, 42.414661173424044]}, "properties": {"OBJECTID": 527, "NOMEAVPC": "Amoeiro", "category": "avpc", "source_layer": "AVPC"}}, {"type": "Feature", "id": 528, "geometry": {"type": "Point", "coordinates": [-8.245348099037098, 43.42588585328526]}, "properties": {"OBJECTID": 528, "NOMEAVPC": "Ares", "category": "avpc", "source_layer": "AVPC"}}, {"type": "Feature", "id": 529, "geometry": {"type": "Point", "coordinates": [-8.161995022225659, 42.93285247492261]}, "properties": {"OBJECTID": 529, "NOMEAVPC": "Arzúa", "category": "avpc", "source_layer": "AVPC"}}, {"type": "Feature", "id": 530, "geometry": {"type": "Point", "coordinates": [-8.252942029325474, 42.375264387127345]}, "properties": {"OBJECTID": 530, "NOMEAVPC": "Avión", "category": "avpc", "source_layer": "AVPC"}}, {"type": "Feature", "id": 531, "geometry": {"type": "Point", "coordinates": [-7.245989722863282, 43.0155557873194]}, "properties": {"OBJECTID": 531, "NOMEAVPC": "Baleira", "category": "avpc", "source_layer": "AVPC"}}, {"type": "Feature", "id": 532, "geometry": {"type": "Point", "coordinates": [-7.714359259911021, 41.95381670170979]}, "properties": {"OBJECTID": 532, "NOMEAVPC": "Baltar", "category": "avpc", "source_layer": "AVPC"}}, {"type": "Feature", "id": 533, "geometry": {"type": "Point", "coordinates": [-7.9731570486520695, 42.03345503085259]}, "properties": {"OBJECTID": 533, "NOMEAVPC": "Bande", "category": "avpc", "source_layer": "AVPC"}}, {"type": "Feature", "id": 534, "geometry": {"type": "Point", "coordinates": [-7.679110689919051, 42.236932546751675]}, "properties": {"OBJECTID": 534, "NOMEAVPC": "Baños de Molgas", "category": "avpc", "source_layer": "AVPC"}}, {"type": "Feature", "id": 535, "geometry": {"type": "Point", "coordinates": [-7.886153078744342, 42.311118747854415]}, "properties": {"OBJECTID": 535, "NOMEAVPC": "Barbadás", "category": "avpc", "source_layer": "AVPC"}}, {"type": "Feature", "id": 536, "geometry": {"type": "Point", "coordinates": [-6.977448590091135, 42.424005818900305]}, "properties": {"OBJECTID": 536, "NOMEAVPC": "O Barco de Valdeorras", "category": "avpc", "source_layer": "AVPC"}}, {"type": "Feature", "id": 537, "geometry": {"type": "Point", "coordinates": [-7.233282994549597, 43.540811295550014]}, "properties": {"OBJECTID": 537, "NOMEAVPC": "Barreiros", "category": "avpc", "source_layer": "AVPC"}}, {"type": "Feature", "id": 538, "geometry": {"type": "Point", "coordinates": [-8.638333333596293, 42.52436098761937]}, "properties": {"OBJECTID": 538, "NOMEAVPC": "Barro", "category": "avpc", "source_layer": "AVPC"}}, {"type": "Feature", "id": 539, "geometry": {"type": "Point", "coordinates": [-8.278133061422023, 42.47093124593095]}, "properties": {"OBJECTID": 539, "NOMEAVPC": "Beariz", "category": "avpc", "source_layer": "AVPC"}}, {"type": "Feature", "id": 540, "geometry": {"type": "Point", "coordinates": [-7.15969346091087, 42.849465499959756]}, "properties": {"OBJECTID": 540, "NOMEAVPC": "Becerreá", "category": "avpc", "source_layer": "AVPC"}}, {"type": "Feature", "id": 541, "geometry": {"type": "Point", "coordinates": [-8.272088820164177, 43.31394508266044]}, "properties": {"OBJECTID": 541, "NOMEAVPC": "Bergondo", "category": "avpc", "source_layer": "AVPC"}}, {"type": "Feature", "id": 542, "geometry": {"type": "Point", "coordinates": [-8.231850360999882, 43.27086468686099]}, "properties": {"OBJECTID": 542, "NOMEAVPC": "Betanzos", "category": "avpc", "source_layer": "AVPC"}}, {"type": "Feature", "id": 543, "geometry": {"type": "Point", "coordinates": [-7.75275391843151, 41.9979794917605]}, "properties": {"OBJECTID": 543, "NOMEAVPC": "Os Blancos", "category": "avpc", "source_layer": "AVPC"}}, {"type": "Feature", "id": 544, "geometry": {"type": "Point", "coordinates": [-8.126878213151063, 43.00737851384856]}, "properties": {"OBJECTID": 544, "NOMEAVPC": "Boimorto", "category": "avpc", "source_layer": "AVPC"}}, {"type": "Feature", "id": 545, "geometry": {"type": "Point", "coordinates": [-8.881069741783136, 42.65956352015476]}, "properties": {"OBJECTID": 545, "NOMEAVPC": "Boiro", "category": "avpc", "source_layer": "AVPC"}}, {"type": "Feature", "id": 546, "geometry": {"type": "Point", "coordinates": [-7.928427568621291, 42.14095647373141]}, "properties": {"OBJECTID": 546, "NOMEAVPC": "A Bola", "category": "avpc", "source_layer": "AVPC"}}, {"type": "Feature", "id": 547, "geometry": {"type": "Point", "coordinates": [-7.0993478457397785, 42.307235680721455]}, "properties": {"OBJECTID": 547, "NOMEAVPC": "O Bolo", "category": "avpc", "source_layer": "AVPC"}}, {"type": "Feature", "id": 548, "geometry": {"type": "Point", "coordinates": [-8.415719042141111, 42.82730378212751]}, "properties": {"OBJECTID": 548, "NOMEAVPC": "Boqueixón", "category": "avpc", "source_layer": "AVPC"}}, {"type": "Feature", "id": 549, "geometry": {"type": "Point", "coordinates": [-8.78725000073214, 42.328388767695465]}, "properties": {"OBJECTID": 549, "NOMEAVPC": "Bueu", "category": "avpc", "source_layer": "AVPC"}}, {"type": "Feature", "id": 550, "geometry": {"type": "Point", "coordinates": [-7.357117314294791, 43.660628073891594]}, "properties": {"OBJECTID": 550, "NOMEAVPC": "Burela", "category": "avpc", "source_layer": "AVPC"}}, {"type": "Feature", "id": 551, "geometry": {"type": "Point", "coordinates": [-8.915922089255702, 43.2249406813507]}, "properties": {"OBJECTID": 551, "NOMEAVPC": "Cabana de Bergantiños", "category": "avpc", "source_layer": "AVPC"}}, {"type": "Feature", "id": 552, "geometry": {"type": "Point", "coordinates": [-8.161795000646785, 43.42010185259357]}, "properties": {"OBJECTID": 552, "NOMEAVPC": "Cabanas", "category": "avpc", "source_layer": "AVPC"}}, {"type": "Feature", "id": 553, "geometry": {"type": "Point", "coordinates": [-8.642416667920815, 42.60249987735437]}, "properties": {"OBJECTID": 553, "NOMEAVPC": "Caldas de Reis", "category": "avpc", "source_layer": "AVPC"}}, {"type": "Feature", "id": 554, "geometry": {"type": "Point", "coordinates": [-7.896538705041455, 41.94409440956272]}, "properties": {"OBJECTID": 554, "NOMEAVPC": "Calvos de Randín", "category": "avpc", "source_layer": "AVPC"}}, {"type": "Feature", "id": 555, "geometry": {"type": "Point", "coordinates": [-9.153339550270692, 43.14248390741652]}, "properties": {"OBJECTID": 555, "NOMEAVPC": "Camariñas", "category": "avpc", "source_layer": "AVPC"}}, {"type": "Feature", "id": 556, "geometry": {"type": "Point", "coordinates": [-8.77258333398807, 42.52702765809087]}, "properties": {"OBJECTID": 556, "NOMEAVPC": "Cambados", "category": "avpc", "source_layer": "AVPC"}}, {"type": "Feature", "id": 557, "geometry": {"type": "Point", "coordinates": [-8.354555259687992, 43.287445143630315]}, "properties": {"OBJECTID": 557, "NOMEAVPC": "Cambre", "category": "avpc", "source_layer": "AVPC"}}, {"type": "Feature", "id": 558, "geometry": {"type": "Point", "coordinates": [-8.5440833339947, 42.54052765730119]}, "properties": {"OBJECTID": 558, "NOMEAVPC": "Campo Lameiro", "category": "avpc", "source_layer": "AVPC"}}, {"type": "Feature", "id": 559, "geometry": {"type": "Point", "coordinates": [-8.763527778547806, 42.27522209751594]}, "properties": {"OBJECTID": 559, "NOMEAVPC": "Cangas do Morrazo", "category": "avpc", "source_layer": "AVPC"}}, {"type": "Feature", "id": 560, "geometry": {"type": "Point", "coordinates": [-8.16425848648717, 42.32003544621194]}, "properties": {"OBJECTID": 560, "NOMEAVPC": "Carballeda de Avia", "category": "avpc", "source_layer": "AVPC"}}, {"type": "Feature", "id": 561, "geometry": {"type": "Point", "coordinates": [-7.813407401118149, 42.53882166068849]}, "properties": {"OBJECTID": 561, "NOMEAVPC": "Carballedo", "category": "avpc", "source_layer": "AVPC"}}, {"type": "Feature", "id": 562, "geometry": {"type": "Point", "coordinates": [-8.069598708962804, 42.43158863523723]}, "properties": {"OBJECTID": 562, "NOMEAVPC": "O Carballiño", "category": "avpc", "source_layer": "AVPC"}}, {"type": "Feature", "id": 563, "geometry": {"type": "Point", "coordinates": [-8.687708979489333, 43.22079936800813]}, "properties": {"OBJECTID": 563, "NOMEAVPC": "Carballo", "category": "avpc", "source_layer": "AVPC"}}, {"type": "Feature", "id": 564, "geometry": {"type": "Point", "coordinates": [-7.86753539963099, 43.74010812676337]}, "properties": {"OBJECTID": 564, "NOMEAVPC": "Cariño", "category": "avpc", "source_layer": "AVPC"}}, {"type": "Feature", "id": 565, "geometry": {"type": "Point", "coordinates": [-9.088423580068731, 42.8222584682566]}, "properties": {"OBJECTID": 565, "NOMEAVPC": "Carnota", "category": "avpc", "source_layer": "AVPC"}}, {"type": "Feature", "id": 566, "geometry": {"type": "Point", "coordinates": [-8.361637970958466, 43.22874371776567]}, "properties": {"OBJECTID": 566, "NOMEAVPC": "Carral", "category": "avpc", "source_layer": "AVPC"}}, {"type": "Feature", "id": 567, "geometry": {"type": "Point", "coordinates": [-8.01943298977658, 42.22501165494132]}, "properties": {"OBJECTID": 567, "NOMEAVPC": "Cartelle", "category": "avpc", "source_layer": "AVPC"}}, {"type": "Feature", "id": 568, "geometry": {"type": "Point", "coordinates": [-8.043928271580274, 42.322887679778795]}, "properties": {"OBJECTID": 568, "NOMEAVPC": "Castrelo de Miño", "category": "avpc", "source_layer": "AVPC"}}, {"type": "Feature", "id": 569, "geometry": {"type": "Point", "coordinates": [-7.41494873930166, 42.37147825806412]}, "properties": {"OBJECTID": 569, "NOMEAVPC": "Castro Caldelas", "category": "avpc", "source_layer": "AVPC"}}, {"type": "Feature", "id": 570, "geometry": {"type": "Point", "coordinates": [-8.71052777867194, 42.67041654742061]}, "properties": {"OBJECTID": 570, "NOMEAVPC": "Catoira", "category": "avpc", "source_layer": "AVPC"}}, {"type": "Feature", "id": 571, "geometry": {"type": "Point", "coordinates": [-8.047522914242695, 43.65835552042122]}, "properties": {"OBJECTID": 571, "NOMEAVPC": "Cedeira", "category": "avpc", "source_layer": "AVPC"}}, {"type": "Feature", "id": 572, "geometry": {"type": "Point", "coordinates": [-9.186231044653766, 42.95736035998466]}, "properties": {"OBJECTID": 572, "NOMEAVPC": "Cee", "category": "avpc", "source_layer": "AVPC"}}, {"type": "Feature", "id": 573, "geometry": {"type": "Point", "coordinates": [-7.957962181250493, 42.15186761693078]}, "properties": {"OBJECTID": 573, "NOMEAVPC": "Celanova", "category": "avpc", "source_layer": "AVPC"}}, {"type": "Feature", "id": 574, "geometry": {"type": "Point", "coordinates": [-8.479106114500013, 43.188820294736]}, "properties": {"OBJECTID": 574, "NOMEAVPC": "Cerceda", "category": "avpc", "source_layer": "AVPC"}}, {"type": "Feature", "id": 575, "geometry": {"type": "Point", "coordinates": [-8.482000001540634, 42.471888767619994]}, "properties": {"OBJECTID": 575, "NOMEAVPC": "Cerdedo/Cotobade", "category": "avpc", "source_layer": "AVPC"}}, {"type": "Feature", "id": 576, "geometry": {"type": "Point", "coordinates": [-6.98362781245055, 42.78565277449983]}, "properties": {"OBJECTID": 576, "NOMEAVPC": "Cervantes", "category": "avpc", "source_layer": "AVPC"}}, {"type": "Feature", "id": 577, "geometry": {"type": "Point", "coordinates": [-7.410856151421095, 43.671895480919964]}, "properties": {"OBJECTID": 577, "NOMEAVPC": "Cervo", "category": "avpc", "source_layer": "AVPC"}}, {"type": "Feature", "id": 578, "geometry": {"type": "Point", "coordinates": [-7.386154832393376, 42.260385352360174]}, "properties": {"OBJECTID": 578, "NOMEAVPC": "Chandrexa de Queixa", "category": "avpc", "source_layer": "AVPC"}}, {"type": "Feature", "id": 579, "geometry": {"type": "Point", "coordinates": [-7.7657384790692126, 42.61074997469464]}, "properties": {"OBJECTID": 579, "NOMEAVPC": "Chantada", "category": "avpc", "source_layer": "AVPC"}}, {"type": "Feature", "id": 580, "geometry": {"type": "Point", "coordinates": [-7.838082690907648, 42.410660628763154]}, "properties": {"OBJECTID": 580, "NOMEAVPC": "Coles", "category": "avpc", "source_layer": "AVPC"}}, {"type": "Feature", "id": 581, "geometry": {"type": "Point", "coordinates": [-9.190515675588994, 42.94392534656994]}, "properties": {"OBJECTID": 581, "NOMEAVPC": "Corcubión", "category": "avpc", "source_layer": "AVPC"}}, {"type": "Feature", "id": 582, "geometry": {"type": "Point", "coordinates": [-8.74052405680033, 43.187407825202456]}, "properties": {"OBJECTID": 582, "NOMEAVPC": "Coristanco", "category": "avpc", "source_layer": "AVPC"}}, {"type": "Feature", "id": 583, "geometry": {"type": "Point", "coordinates": [-8.170353320663239, 42.206391427979874]}, "properties": {"OBJECTID": 583, "NOMEAVPC": "Cortegada", "category": "avpc", "source_layer": "AVPC"}}, {"type": "Feature", "id": 584, "geometry": {"type": "Point", "coordinates": [-7.594002248611098, 41.98812274209858]}, "properties": {"OBJECTID": 584, "NOMEAVPC": "Cualedro", "category": "avpc", "source_layer": "AVPC"}}, {"type": "Feature", "id": 585, "geometry": {"type": "Point", "coordinates": [-8.37909519598802, 43.320680664094255]}, "properties": {"OBJECTID": 585, "NOMEAVPC": "Culleredo", "category": "avpc", "source_layer": "AVPC"}}, {"type": "Feature", "id": 586, "geometry": {"type": "Point", "coordinates": [-8.571500000556998, 42.629083207365376]}, "properties": {"OBJECTID": 586, "NOMEAVPC": "Cuntis", "category": "avpc", "source_layer": "AVPC"}}, {"type": "Feature", "id": 587, "geometry": {"type": "Point", "coordinates": [-9.114962544679383, 43.00926436202661]}, "properties": {"OBJECTID": 587, "NOMEAVPC": "Dumbría", "category": "avpc", "source_layer": "AVPC"}}, {"type": "Feature", "id": 588, "geometry": {"type": "Point", "coordinates": [-8.118648300966786, 41.93278811688631]}, "properties": {"OBJECTID": 588, "NOMEAVPC": "Entrimo", "category": "avpc", "source_layer": "AVPC"}}, {"type": "Feature", "id": 589, "geometry": {"type": "Point", "coordinates": [-7.6964415869508755, 42.32530708785376]}, "properties": {"OBJECTID": 589, "NOMEAVPC": "Esgos", "category": "avpc", "source_layer": "AVPC"}}, {"type": "Feature", "id": 590, "geometry": {"type": "Point", "coordinates": [-8.511777779255643, 42.71441654752797]}, "properties": {"OBJECTID": 590, "NOMEAVPC": "Estrada, A", "category": "avpc", "source_layer": "AVPC"}}, {"type": "Feature", "id": 591, "geometry": {"type": "Point", "coordinates": [-8.157923104152166, 43.47264724094807]}, "properties": {"OBJECTID": 591, "NOMEAVPC": "Fene", "category": "avpc", "source_layer": "AVPC"}}, {"type": "Feature", "id": 592, "geometry": {"type": "Point", "coordinates": [-8.243002104018228, 43.49294488172416]}, "properties": {"OBJECTID": 592, "NOMEAVPC": "Ferrol", "category": "avpc", "source_layer": "AVPC"}}, {"type": "Feature", "id": 593, "geometry": {"type": "Point", "coordinates": [-9.261994102194393, 42.9095783904255]}, "properties": {"OBJECTID": 593, "NOMEAVPC": "Fisterra", "category": "avpc", "source_layer": "AVPC"}}, {"type": "Feature", "id": 594, "geometry": {"type": "Point", "coordinates": [-7.196129079328798, 42.589345822659745]}, "properties": {"OBJECTID": 594, "NOMEAVPC": "Folgoso do Courel", "category": "avpc", "source_layer": "AVPC"}}, {"type": "Feature", "id": 595, "geometry": {"type": "Point", "coordinates": [-7.078225133471568, 43.11627019710766]}, "properties": {"OBJECTID": 595, "NOMEAVPC": "A Fonsagrada", "category": "avpc", "source_layer": "AVPC"}}, {"type": "Feature", "id": 596, "geometry": {"type": "Point", "coordinates": [-8.354916667783382, 42.58513876753647]}, "properties": {"OBJECTID": 596, "NOMEAVPC": "Forcarei", "category": "avpc", "source_layer": "AVPC"}}, {"type": "Feature", "id": 597, "geometry": {"type": "Point", "coordinates": [-7.257278276264686, 43.56545445172497]}, "properties": {"OBJECTID": 597, "NOMEAVPC": "Foz", "category": "avpc", "source_layer": "AVPC"}}, {"type": "Feature", "id": 598, "geometry": {"type": "Point", "coordinates": [-7.779680222861778, 43.03156090041782]}, "properties": {"OBJECTID": 598, "NOMEAVPC": "Friol", "category": "avpc", "source_layer": "AVPC"}}, {"type": "Feature", "id": 599, "geometry": {"type": "Point", "coordinates": [-8.091557149642833, 42.19277412855377]}, "properties": {"OBJECTID": 599, "NOMEAVPC": "Gomesende", "category": "avpc", "source_layer": "AVPC"}}, {"type": "Feature", "id": 600, "geometry": {"type": "Point", "coordinates": [-7.1256157511838865, 42.05927945225486]}, "properties": {"OBJECTID": 600, "NOMEAVPC": "A Gudiña", "category": "avpc", "source_layer": "AVPC"}}, {"type": "Feature", "id": 601, "geometry": {"type": "Point", "coordinates": [-7.897780556686893, 43.179149567289464]}, "properties": {"OBJECTID": 601, "NOMEAVPC": "Guitiriz", "category": "avpc", "source_layer": "AVPC"}}, {"type": "Feature", "id": 602, "geometry": {"type": "Point", "coordinates": [-7.3637870039924485, 42.656522008079556]}, "properties": {"OBJECTID": 602, "NOMEAVPC": "O Incio", "category": "avpc", "source_layer": "AVPC"}}, {"type": "Feature", "id": 603, "geometry": {"type": "Point", "coordinates": [-8.117305558239776, 42.65869431704161]}, "properties": {"OBJECTID": 603, "NOMEAVPC": "Lalín", "category": "avpc", "source_layer": "AVPC"}}, {"type": "Feature", "id": 604, "geometry": {"type": "Point", "coordinates": [-8.613838873102587, 43.25712020712547]}, "properties": {"OBJECTID": 604, "NOMEAVPC": "A Laracha", "category": "avpc", "source_layer": "AVPC"}}, {"type": "Feature", "id": 605, "geometry": {"type": "Point", "coordinates": [-7.163245921629883, 42.346683935726794]}, "properties": {"OBJECTID": 605, "NOMEAVPC": "Larouco", "category": "avpc", "source_layer": "AVPC"}}, {"type": "Feature", "id": 606, "geometry": {"type": "Point", "coordinates": [-9.003902963784133, 43.21745255160072]}, "properties": {"OBJECTID": 606, "NOMEAVPC": "Laxe", "category": "avpc", "source_layer": "AVPC"}}, {"type": "Feature", "id": 607, "geometry": {"type": "Point", "coordinates": [-7.459892678786065, 42.061038405449445]}, "properties": {"OBJECTID": 607, "NOMEAVPC": "Laza", "category": "avpc", "source_layer": "AVPC"}}, {"type": "Feature", "id": 608, "geometry": {"type": "Point", "coordinates": [-8.08108776637328, 41.90155344738692]}, "properties": {"OBJECTID": 608, "NOMEAVPC": "Lobios", "category": "avpc", "source_layer": "AVPC"}}, {"type": "Feature", "id": 609, "geometry": {"type": "Point", "coordinates": [-7.298560310893501, 43.47085851079727]}, "properties": {"OBJECTID": 609, "NOMEAVPC": "Lourenzá", "category": "avpc", "source_layer": "AVPC"}}, {"type": "Feature", "id": 610, "geometry": {"type": "Point", "coordinates": [-8.86527960238483, 42.78526420820586]}, "properties": {"OBJECTID": 610, "NOMEAVPC": "Lousame", "category": "avpc", "source_layer": "AVPC"}}, {"type": "Feature", "id": 611, "geometry": {"type": "Point", "coordinates": [-7.54278109810566, 42.99970259690516]}, "properties": {"OBJECTID": 611, "NOMEAVPC": "Lugo", "category": "avpc", "source_layer": "AVPC"}}, {"type": "Feature", "id": 612, "geometry": {"type": "Point", "coordinates": [-7.653474588061817, 42.27121253856264]}, "properties": {"OBJECTID": 612, "NOMEAVPC": "Maceda", "category": "avpc", "source_layer": "AVPC"}}, {"type": "Feature", "id": 613, "geometry": {"type": "Point", "coordinates": [-8.810689198641157, 43.302020370198335]}, "properties": {"OBJECTID": 613, "NOMEAVPC": "Malpica", "category": "avpc", "source_layer": "AVPC"}}, {"type": "Feature", "id": 614, "geometry": {"type": "Point", "coordinates": [-7.955954802823568, 42.14673649400697]}, "properties": {"OBJECTID": 614, "NOMEAVPC": "Mancomunidade de Terras de Celanova (Cartelle, Celanova, Gomesende, A Merca, Pontedeva, Quintela de Leirado, Ramirás e Verea)", "category": "avpc", "source_layer": "AVPC"}}, {"type": "Feature", "id": 615, "geometry": {"type": "Point", "coordinates": [-8.123155581786653, 42.33461527239775]}, "properties": {"OBJECTID": 615, "NOMEAVPC": "Mancomunidade do Ribeiro (Arnoia, Beade, Cenlle, Cortegada e Leiro)", "category": "avpc", "source_layer": "AVPC"}}, {"type": "Feature", "id": 616, "geometry": {"type": "Point", "coordinates": [-8.455388889531513, 42.2343887675994]}, "properties": {"OBJECTID": 616, "NOMEAVPC": "Oitaven/Tea (Mondariz, Mondariz-balneario, A Lama, Fornelos de Montes e Covelo)", "category": "avpc", "source_layer": "AVPC"}}, {"type": "Feature", "id": 617, "geometry": {"type": "Point", "coordinates": [-7.234219011788861, 42.30991236992649]}, "properties": {"OBJECTID": 617, "NOMEAVPC": "Manzaneda", "category": "avpc", "source_layer": "AVPC"}}, {"type": "Feature", "id": 618, "geometry": {"type": "Point", "coordinates": [-7.705909766856456, 43.73621994211625]}, "properties": {"OBJECTID": 618, "NOMEAVPC": "Mañón", "category": "avpc", "source_layer": "AVPC"}}, {"type": "Feature", "id": 619, "geometry": {"type": "Point", "coordinates": [-8.704972222563063, 42.38913876770858]}, "properties": {"OBJECTID": 619, "NOMEAVPC": "Marín", "category": "avpc", "source_layer": "AVPC"}}, {"type": "Feature", "id": 620, "geometry": {"type": "Point", "coordinates": [-7.509118612220873, 43.686158161557096]}, "properties": {"OBJECTID": 620, "NOMEAVPC": "A Mariña", "category": "avpc", "source_layer": "AVPC"}}, {"type": "Feature", "id": 621, "geometry": {"type": "Point", "coordinates": [-7.292247492617201, 43.212835844456556]}, "properties": {"OBJECTID": 621, "NOMEAVPC": "Meira", "category": "avpc", "source_layer": "AVPC"}}, {"type": "Feature", "id": 622, "geometry": {"type": "Point", "coordinates": [-8.73947222199905, 42.513860987637024]}, "properties": {"OBJECTID": 622, "NOMEAVPC": "Meis", "category": "avpc", "source_layer": "AVPC"}}, {"type": "Feature", "id": 623, "geometry": {"type": "Point", "coordinates": [-8.0163775630503, 42.915125826330126]}, "properties": {"OBJECTID": 623, "NOMEAVPC": "Melide", "category": "avpc", "source_layer": "AVPC"}}, {"type": "Feature", "id": 624, "geometry": {"type": "Point", "coordinates": [-8.216163383361174, 42.257233253044106]}, "properties": {"OBJECTID": 624, "NOMEAVPC": "Melón", "category": "avpc", "source_layer": "AVPC"}}, {"type": "Feature", "id": 625, "geometry": {"type": "Point", "coordinates": [-7.045374953601293, 42.01358392248817]}, "properties": {"OBJECTID": 625, "NOMEAVPC": "A Mezquita", "category": "avpc", "source_layer": "AVPC"}}, {"type": "Feature", "id": 626, "geometry": {"type": "Point", "coordinates": [-8.20753750515832, 43.35322387159855]}, "properties": {"OBJECTID": 626, "NOMEAVPC": "Miño", "category": "avpc", "source_layer": "AVPC"}}, {"type": "Feature", "id": 627, "geometry": {"type": "Point", "coordinates": [-8.736388889816546, 42.28194431756794]}, "properties": {"OBJECTID": 627, "NOMEAVPC": "Moaña", "category": "avpc", "source_layer": "AVPC"}}, {"type": "Feature", "id": 628, "geometry": {"type": "Point", "coordinates": [-7.370504050046304, 43.42797527437445]}, "properties": {"OBJECTID": 628, "NOMEAVPC": "Mondoñedo", "category": "avpc", "source_layer": "AVPC"}}, {"type": "Feature", "id": 629, "geometry": {"type": "Point", "coordinates": [-7.516785865374503, 42.522739969331866]}, "properties": {"OBJECTID": 629, "NOMEAVPC": "Monforte de Lemos 159", "category": "avpc", "source_layer": "AVPC"}}, {"type": "Feature", "id": 630, "geometry": {"type": "Point", "coordinates": [-7.502598061283176, 42.275316456923996]}, "properties": {"OBJECTID": 630, "NOMEAVPC": "Acuática e Sub. da MA. Ribeira Sacra", "category": "avpc", "source_layer": "AVPC"}}, {"type": "Feature", "id": 631, "geometry": {"type": "Point", "coordinates": [-7.81678102506807, 42.79806054001421]}, "properties": {"OBJECTID": 631, "NOMEAVPC": "Monterroso", "category": "avpc", "source_layer": "AVPC"}}, {"type": "Feature", "id": 632, "geometry": {"type": "Point", "coordinates": [-8.589694444907664, 42.58341654762626]}, "properties": {"OBJECTID": 632, "NOMEAVPC": "Moraña", "category": "avpc", "source_layer": "AVPC"}}, {"type": "Feature", "id": 633, "geometry": {"type": "Point", "coordinates": [-8.652111111274536, 42.20977765768925]}, "properties": {"OBJECTID": 633, "NOMEAVPC": "Mos", "category": "avpc", "source_layer": "AVPC"}}, {"type": "Feature", "id": 634, "geometry": {"type": "Point", "coordinates": [-7.969313209562297, 41.95813013995311]}, "properties": {"OBJECTID": 634, "NOMEAVPC": "Muiños", "category": "avpc", "source_layer": "AVPC"}}, {"type": "Feature", "id": 635, "geometry": {"type": "Point", "coordinates": [-9.216863161312196, 43.106888333327156]}, "properties": {"OBJECTID": 635, "NOMEAVPC": "Muxía", "category": "avpc", "source_layer": "AVPC"}}, {"type": "Feature", "id": 636, "geometry": {"type": "Point", "coordinates": [-8.188739649615762, 43.51193053546887]}, "properties": {"OBJECTID": 636, "NOMEAVPC": "Narón", "category": "avpc", "source_layer": "AVPC"}}, {"type": "Feature", "id": 637, "geometry": {"type": "Point", "coordinates": [-8.15100073062985, 43.51226618176936]}, "properties": {"OBJECTID": 637, "NOMEAVPC": "Neda", "category": "avpc", "source_layer": "AVPC"}}, {"type": "Feature", "id": 638, "geometry": {"type": "Point", "coordinates": [-8.734747005968515, 42.9096249174049]}, "properties": {"OBJECTID": 638, "NOMEAVPC": "Negreira", "category": "avpc", "source_layer": "AVPC"}}, {"type": "Feature", "id": 639, "geometry": {"type": "Point", "coordinates": [-6.893771370115848, 43.13445306559261]}, "properties": {"OBJECTID": 639, "NOMEAVPC": "Negueira de Muñiz", "category": "avpc", "source_layer": "AVPC"}}, {"type": "Feature", "id": 640, "geometry": {"type": "Point", "coordinates": [-7.7047455485858825, 42.403212744066735]}, "properties": {"OBJECTID": 640, "NOMEAVPC": "Nogueira de Ramuín", "category": "avpc", "source_layer": "AVPC"}}, {"type": "Feature", "id": 641, "geometry": {"type": "Point", "coordinates": [-8.875566607934312, 42.7999834740703]}, "properties": {"OBJECTID": 641, "NOMEAVPC": "Noia", "category": "avpc", "source_layer": "AVPC"}}, {"type": "Feature", "id": 642, "geometry": {"type": "Point", "coordinates": [-8.31599572582423, 43.325597662945185]}, "properties": {"OBJECTID": 642, "NOMEAVPC": "Oleiros", "category": "avpc", "source_layer": "AVPC"}}, {"type": "Feature", "id": 643, "geometry": {"type": "Point", "coordinates": [-8.397804019222, 43.091709299492486]}, "properties": {"OBJECTID": 643, "NOMEAVPC": "Ordes", "category": "avpc", "source_layer": "AVPC"}}, {"type": "Feature", "id": 644, "geometry": {"type": "Point", "coordinates": [-8.441355688036113, 42.969098155312125]}, "properties": {"OBJECTID": 644, "NOMEAVPC": "Oroso", "category": "avpc", "source_layer": "AVPC"}}, {"type": "Feature", "id": 645, "geometry": {"type": "Point", "coordinates": [-7.877954452271727, 42.348079532671186]}, "properties": {"OBJECTID": 645, "NOMEAVPC": "Ourense", "category": "avpc", "source_layer": "AVPC"}}, {"type": "Feature", "id": 646, "geometry": {"type": "Point", "coordinates": [-7.641168561714928, 43.56413489176707]}, "properties": {"OBJECTID": 646, "NOMEAVPC": "Ourol", "category": "avpc", "source_layer": "AVPC"}}, {"type": "Feature", "id": 647, "geometry": {"type": "Point", "coordinates": [-8.909715223449044, 42.844155959925686]}, "properties": {"OBJECTID": 647, "NOMEAVPC": "Outes", "category": "avpc", "source_layer": "AVPC"}}, {"type": "Feature", "id": 648, "geometry": {"type": "Point", "coordinates": [-8.16841161301405, 43.30916377836132]}, "properties": {"OBJECTID": 648, "NOMEAVPC": "Paderne", "category": "avpc", "source_layer": "AVPC"}}, {"type": "Feature", "id": 649, "geometry": {"type": "Point", "coordinates": [-7.75110976414944, 42.27992449293858]}, "properties": {"OBJECTID": 649, "NOMEAVPC": "Paderne de Allariz", "category": "avpc", "source_layer": "AVPC"}}, {"type": "Feature", "id": 650, "geometry": {"type": "Point", "coordinates": [-7.869204462372675, 42.87322548833039]}, "properties": {"OBJECTID": 650, "NOMEAVPC": "Palas de Rei", "category": "avpc", "source_layer": "AVPC"}}, {"type": "Feature", "id": 651, "geometry": {"type": "Point", "coordinates": [-7.571457977821841, 42.383329300881805]}, "properties": {"OBJECTID": 651, "NOMEAVPC": "Parada de Sil", "category": "avpc", "source_layer": "AVPC"}}, {"type": "Feature", "id": 652, "geometry": {"type": "Point", "coordinates": [-7.786861495323183, 42.33917355824491]}, "properties": {"OBJECTID": 652, "NOMEAVPC": "Pereiro de Aguiar", "category": "avpc", "source_layer": "AVPC"}}, {"type": "Feature", "id": 653, "geometry": {"type": "Point", "coordinates": [-7.124504697629706, 42.382530688188744]}, "properties": {"OBJECTID": 653, "NOMEAVPC": "Petín", "category": "avpc", "source_layer": "AVPC"}}, {"type": "Feature", "id": 654, "geometry": {"type": "Point", "coordinates": [-8.363666549596847, 42.904291472308756]}, "properties": {"OBJECTID": 654, "NOMEAVPC": "O Pino", "category": "avpc", "source_layer": "AVPC"}}, {"type": "Feature", "id": 655, "geometry": {"type": "Point", "coordinates": [-7.996606487498199, 42.48818587602012]}, "properties": {"OBJECTID": 655, "NOMEAVPC": "Piñor", "category": "avpc", "source_layer": "AVPC"}}, {"type": "Feature", "id": 656, "geometry": {"type": "Point", "coordinates": [-7.39414905812106, 42.55897291396327]}, "properties": {"OBJECTID": 656, "NOMEAVPC": "A Pobra de Brollón", "category": "avpc", "source_layer": "AVPC"}}, {"type": "Feature", "id": 657, "geometry": {"type": "Point", "coordinates": [-7.251857381172963, 42.34066276283644]}, "properties": {"OBJECTID": 657, "NOMEAVPC": "Pobra de Trives", "category": "avpc", "source_layer": "AVPC"}}, {"type": "Feature", "id": 658, "geometry": {"type": "Point", "coordinates": [-8.961611587432452, 42.60318772776334]}, "properties": {"OBJECTID": 658, "NOMEAVPC": "A Pobra do Caramiñal", "category": "avpc", "source_layer": "AVPC"}}, {"type": "Feature", "id": 659, "geometry": {"type": "Point", "coordinates": [-8.691000000365335, 42.43886098748875]}, "properties": {"OBJECTID": 659, "NOMEAVPC": "Poio", "category": "avpc", "source_layer": "AVPC"}}, {"type": "Feature", "id": 660, "geometry": {"type": "Point", "coordinates": [-7.353522029617697, 43.12984772373227]}, "properties": {"OBJECTID": 660, "NOMEAVPC": "Pol", "category": "avpc", "source_layer": "AVPC"}}, {"type": "Feature", "id": 661, "geometry": {"type": "Point", "coordinates": [-8.500555556955913, 42.1703887681309]}, "properties": {"OBJECTID": 661, "NOMEAVPC": "Ponteareas", "category": "avpc", "source_layer": "AVPC"}}, {"type": "Feature", "id": 662, "geometry": {"type": "Point", "coordinates": [-8.171891091324444, 43.40801953339965]}, "properties": {"OBJECTID": 662, "NOMEAVPC": "Pontedeume", "category": "avpc", "source_layer": "AVPC"}}, {"type": "Feature", "id": 663, "geometry": {"type": "Point", "coordinates": [-7.198149762840244, 43.34633010734928]}, "properties": {"OBJECTID": 663, "NOMEAVPC": "A Pontenova", "category": "avpc", "source_layer": "AVPC"}}, {"type": "Feature", "id": 664, "geometry": {"type": "Point", "coordinates": [-7.854167814709125, 43.45177614097632]}, "properties": {"OBJECTID": 664, "NOMEAVPC": "As Pontes", "category": "avpc", "source_layer": "AVPC"}}, {"type": "Feature", "id": 665, "geometry": {"type": "Point", "coordinates": [-8.640722222499267, 42.43819431752714]}, "properties": {"OBJECTID": 665, "NOMEAVPC": "Pontevedra", "category": "avpc", "source_layer": "AVPC"}}, {"type": "Feature", "id": 666, "geometry": {"type": "Point", "coordinates": [-7.847297630162306, 42.01874691860637]}, "properties": {"OBJECTID": 666, "NOMEAVPC": "Porqueira", "category": "avpc", "source_layer": "AVPC"}}, {"type": "Feature", "id": 667, "geometry": {"type": "Point", "coordinates": [-8.631888889814684, 42.141555437891824]}, "properties": {"OBJECTID": 667, "NOMEAVPC": "Porriño", "category": "avpc", "source_layer": "AVPC"}}, {"type": "Feature", "id": 668, "geometry": {"type": "Point", "coordinates": [-8.659138890048958, 42.58355543775817]}, "properties": {"OBJECTID": 668, "NOMEAVPC": "Portas", "category": "avpc", "source_layer": "AVPC"}}, {"type": "Feature", "id": 669, "geometry": {"type": "Point", "coordinates": [-9.007645413660835, 42.725223534425645]}, "properties": {"OBJECTID": 669, "NOMEAVPC": "Porto do Son", "category": "avpc", "source_layer": "AVPC"}}, {"type": "Feature", "id": 670, "geometry": {"type": "Point", "coordinates": [-7.61697146725355, 42.80558297415891]}, "properties": {"OBJECTID": 670, "NOMEAVPC": "Portomarín", "category": "avpc", "source_layer": "AVPC"}}, {"type": "Feature", "id": 671, "geometry": {"type": "Point", "coordinates": [-7.280995359264185, 42.47386765115817]}, "properties": {"OBJECTID": 671, "NOMEAVPC": "Quiroga", "category": "avpc", "source_layer": "AVPC"}}, {"type": "Feature", "id": 672, "geometry": {"type": "Point", "coordinates": [-7.831744184889657, 42.08163443587704]}, "properties": {"OBJECTID": 672, "NOMEAVPC": "Rairiz de Veiga", "category": "avpc", "source_layer": "AVPC"}}, {"type": "Feature", "id": 673, "geometry": {"type": "Point", "coordinates": [-8.612666668127925, 42.28311098810369]}, "properties": {"OBJECTID": 673, "NOMEAVPC": "Redondela", "category": "avpc", "source_layer": "AVPC"}}, {"type": "Feature", "id": 674, "geometry": {"type": "Point", "coordinates": [-8.813493235333894, 42.65037883095315]}, "properties": {"OBJECTID": 674, "NOMEAVPC": "Rianxo", "category": "avpc", "source_layer": "AVPC"}}, {"type": "Feature", "id": 675, "geometry": {"type": "Point", "coordinates": [-8.113974174294563, 42.30610369731133]}, "properties": {"OBJECTID": 675, "NOMEAVPC": "Ribadavia", "category": "avpc", "source_layer": "AVPC"}}, {"type": "Feature", "id": 676, "geometry": {"type": "Point", "coordinates": [-7.04318971370041, 43.535851029690846]}, "properties": {"OBJECTID": 676, "NOMEAVPC": "Ribadeo", "category": "avpc", "source_layer": "AVPC"}}, {"type": "Feature", "id": 677, "geometry": {"type": "Point", "coordinates": [-8.767583333076983, 42.50302765751092]}, "properties": {"OBJECTID": 677, "NOMEAVPC": "Ribadumia", "category": "avpc", "source_layer": "AVPC"}}, {"type": "Feature", "id": 678, "geometry": {"type": "Point", "coordinates": [-7.287520454962131, 42.466409950860395]}, "properties": {"OBJECTID": 678, "NOMEAVPC": "Ribas de Sil", "category": "avpc", "source_layer": "AVPC"}}, {"type": "Feature", "id": 679, "geometry": {"type": "Point", "coordinates": [-8.993592710166565, 42.555069791740586]}, "properties": {"OBJECTID": 679, "NOMEAVPC": "Ribeira", "category": "avpc", "source_layer": "AVPC"}}, {"type": "Feature", "id": 680, "geometry": {"type": "Point", "coordinates": [-7.202728622648258, 43.20047865966013]}, "properties": {"OBJECTID": 680, "NOMEAVPC": "Ribeira de Piquín", "category": "avpc", "source_layer": "AVPC"}}, {"type": "Feature", "id": 681, "geometry": {"type": "Point", "coordinates": [-7.282521873944278, 41.974225388637244]}, "properties": {"OBJECTID": 681, "NOMEAVPC": "Riós", "category": "avpc", "source_layer": "AVPC"}}, {"type": "Feature", "id": 682, "geometry": {"type": "Point", "coordinates": [-7.259464405574567, 43.34032113693225]}, "properties": {"OBJECTID": 682, "NOMEAVPC": "Riotorto", "category": "avpc", "source_layer": "AVPC"}}, {"type": "Feature", "id": 683, "geometry": {"type": "Point", "coordinates": [-7.9498333353611805, 42.64958320694794]}, "properties": {"OBJECTID": 683, "NOMEAVPC": "Rodeiro", "category": "avpc", "source_layer": "AVPC"}}, {"type": "Feature", "id": 684, "geometry": {"type": "Point", "coordinates": [-8.690012071354584, 42.76066767947423]}, "properties": {"OBJECTID": 684, "NOMEAVPC": "Rois", "category": "avpc", "source_layer": "AVPC"}}, {"type": "Feature", "id": 685, "geometry": {"type": "Point", "coordinates": [-8.837222222496276, 41.9371109877536]}, "properties": {"OBJECTID": 685, "NOMEAVPC": "Rosal, O", "category": "avpc", "source_layer": "AVPC"}}, {"type": "Feature", "id": 686, "geometry": {"type": "Point", "coordinates": [-7.111351246241766, 42.39380123483144]}, "properties": {"OBJECTID": 686, "NOMEAVPC": "A Rúa", "category": "avpc", "source_layer": "AVPC"}}, {"type": "Feature", "id": 687, "geometry": {"type": "Point", "coordinates": [-8.292350504604624, 43.325960189480405]}, "properties": {"OBJECTID": 687, "NOMEAVPC": "Sada", "category": "avpc", "source_layer": "AVPC"}}, {"type": "Feature", "id": 688, "geometry": {"type": "Point", "coordinates": [-8.562055557037759, 42.10591654801585]}, "properties": {"OBJECTID": 688, "NOMEAVPC": "Salceda de Caselas", "category": "avpc", "source_layer": "AVPC"}}, {"type": "Feature", "id": 689, "geometry": {"type": "Point", "coordinates": [-8.072205848185108, 42.374277295183965]}, "properties": {"OBJECTID": 689, "NOMEAVPC": "San Amaro", "category": "avpc", "source_layer": "AVPC"}}, {"type": "Feature", "id": 690, "geometry": {"type": "Point", "coordinates": [-7.873955640854591, 42.29826670902135]}, "properties": {"OBJECTID": 690, "NOMEAVPC": "San Cibrao das Viñas", "category": "avpc", "source_layer": "AVPC"}}, {"type": "Feature", "id": 691, "geometry": {"type": "Point", "coordinates": [-7.299104716554231, 42.37047425700108]}, "properties": {"OBJECTID": 691, "NOMEAVPC": "San Xoán de Río", "category": "avpc", "source_layer": "AVPC"}}, {"type": "Feature", "id": 692, "geometry": {"type": "Point", "coordinates": [-7.757544422601891, 42.10953754967893]}, "properties": {"OBJECTID": 692, "NOMEAVPC": "Sandiás", "category": "avpc", "source_layer": "AVPC"}}, {"type": "Feature", "id": 693, "geometry": {"type": "Point", "coordinates": [-8.805708406774423, 43.03100420387066]}, "properties": {"OBJECTID": 693, "NOMEAVPC": "Santa Comba", "category": "avpc", "source_layer": "AVPC"}}, {"type": "Feature", "id": 694, "geometry": {"type": "Point", "coordinates": [-8.51594611066726, 42.883388045385395]}, "properties": {"OBJECTID": 694, "NOMEAVPC": "Santiago de Compostela", "category": "avpc", "source_layer": "AVPC"}}, {"type": "Feature", "id": 695, "geometry": {"type": "Point", "coordinates": [-7.602944902089141, 42.08750626249525]}, "properties": {"OBJECTID": 695, "NOMEAVPC": "Sarreaus", "category": "avpc", "source_layer": "AVPC"}}, {"type": "Feature", "id": 696, "geometry": {"type": "Point", "coordinates": [-7.409546467623354, 42.7776659229324]}, "properties": {"OBJECTID": 696, "NOMEAVPC": "Sarria", "category": "avpc", "source_layer": "AVPC"}}, {"type": "Feature", "id": 697, "geometry": {"type": "Point", "coordinates": [-7.640090366391889, 42.58609305314291]}, "properties": {"OBJECTID": 697, "NOMEAVPC": "O Saviñao", "category": "avpc", "source_layer": "AVPC"}}, {"type": "Feature", "id": 698, "geometry": {"type": "Point", "coordinates": [-7.586745233482522, 42.462016615296264]}, "properties": {"OBJECTID": 698, "NOMEAVPC": "Sober", "category": "avpc", "source_layer": "AVPC"}}, {"type": "Feature", "id": 699, "geometry": {"type": "Point", "coordinates": [-8.02139423184026, 43.04004158739994]}, "properties": {"OBJECTID": 699, "NOMEAVPC": "Sobrado dos Monxes", "category": "avpc", "source_layer": "AVPC"}}, {"type": "Feature", "id": 700, "geometry": {"type": "Point", "coordinates": [-7.761964851076982, 42.71621706785328]}, "properties": {"OBJECTID": 700, "NOMEAVPC": "Taboada", "category": "avpc", "source_layer": "AVPC"}}, {"type": "Feature", "id": 701, "geometry": {"type": "Point", "coordinates": [-8.537632996422655, 42.786724321377385]}, "properties": {"OBJECTID": 701, "NOMEAVPC": "Teo", "category": "avpc", "source_layer": "AVPC"}}, {"type": "Feature", "id": 702, "geometry": {"type": "Point", "coordinates": [-7.959400862540053, 42.31456713055591]}, "properties": {"OBJECTID": 702, "NOMEAVPC": "Toén", "category": "avpc", "source_layer": "AVPC"}}, {"type": "Feature", "id": 703, "geometry": {"type": "Point", "coordinates": [-8.753222222836646, 41.94197209786035]}, "properties": {"OBJECTID": 703, "NOMEAVPC": "Tomiño", "category": "avpc", "source_layer": "AVPC"}}, {"type": "Feature", "id": 704, "geometry": {"type": "Point", "coordinates": [-8.307417861171142, 42.8658368838712]}, "properties": {"OBJECTID": 704, "NOMEAVPC": "Touro", "category": "avpc", "source_layer": "AVPC"}}, {"type": "Feature", "id": 705, "geometry": {"type": "Point", "coordinates": [-7.193025220731142, 43.44730497826101]}, "properties": {"OBJECTID": 705, "NOMEAVPC": "Trabada", "category": "avpc", "source_layer": "AVPC"}}, {"type": "Feature", "id": 706, "geometry": {"type": "Point", "coordinates": [-7.611143739370703, 42.02076552824599]}, "properties": {"OBJECTID": 706, "NOMEAVPC": "Trasmiras", "category": "avpc", "source_layer": "AVPC"}}, {"type": "Feature", "id": 707, "geometry": {"type": "Point", "coordinates": [-8.653688275081576, 43.02074503104625]}, "properties": {"OBJECTID": 707, "NOMEAVPC": "Val do Dubra", "category": "avpc", "source_layer": "AVPC"}}, {"type": "Feature", "id": 708, "geometry": {"type": "Point", "coordinates": [-8.046426686397785, 42.5667327676713]}, "properties": {"OBJECTID": 708, "NOMEAVPC": "Dozón", "category": "avpc", "source_layer": "AVPC"}}, {"type": "Feature", "id": 709, "geometry": {"type": "Point", "coordinates": [-7.239715069616522, 42.75625103315515]}, "properties": {"OBJECTID": 709, "NOMEAVPC": "Triacastela", "category": "avpc", "source_layer": "AVPC"}}, {"type": "Feature", "id": 710, "geometry": {"type": "Point", "coordinates": [-8.350502283226863, 42.09891544281168]}, "properties": {"OBJECTID": 710, "NOMEAVPC": "Ribeira do Miño", "category": "avpc", "source_layer": "AVPC"}}]}